file_id,topic_id,adu_id,is_major_claim,stance,text,amr_penman
micro_b001,waste_separation,a5,True,pro,We Berliners should take the chance and become pioneers in waste separation!,"# ::snt We Berliners should take the chance and become pioneers in waste separation!
(r / recommend-01
      :ARG1 (a / and
            :op1 (c / chance-01
                  :ARG0 (w / we
                        :ARG0-of (h / have-org-role-91
                              :ARG1 (c2 / city
                                    :name (n / name
                                          :op1 ""Berlin"")))))
            :op2 (b / become-01
                  :ARG1 w
                  :ARG2 (p / pioneer-01
                        :ARG0 w
                        :ARG1 (s / separate-01
                              :ARG1 (w2 / waste))))))"
micro_b002,higher_dog_poo_fines,a3,True,pro,"Higher fines are therefore the right measure against negligent, lazy or simply thoughtless dog owners.","# ::snt Higher fines are therefore the right measure against negligent, lazy or simply thoughtless dog owners.
(c / cause-01
      :ARG1 (m / measure-02
            :ARG1 (o / or
                  :op1 (p / person
                        :ARG0-of (o2 / own-01
                              :ARG1 (d / dog))
                        :ARG0-of (n / neglect-01))
                  :op2 (p2 / person
                        :mod (l / lazy))
                  :op3 (p3 / person
                        :ARG0-of (o3 / own-01
                              :ARG1 d)
                        :ARG0-of (t / think-01
                              :polarity -
                              :ARG1-of (s / simple-02))))
            :ARG1-of (r / right-02)))"
micro_b003,health_insurance_cover_complementary_medicine,a1,True,con,Health insurance companies should not cover treatment in complementary medicine,"# ::snt Health insurance companies should not cover treatment in complementary medicine
(r / recommend-01
      :ARG1 (c / cover-01
            :polarity -
            :ARG0 (c2 / company
                  :ARG0-of (ii / insure-02
                        :ARG1 (h / health)))
            :ARG1 (t / treat-03
                  :ARG3 (m / medicine
                        :ARG1-of (c3 / complement-01)))))"
micro_b004,public_broadcasting_fees_on_demand,a3,True,con,"Nevertheless, everybody should contribute to the funding of the public broadcasters in equal measure,","# ::snt Nevertheless, everybody should contribute to the funding of the public broadcasters in equal measure,
(h / have-concession-91
      :ARG1 (r / recommend-01
            :ARG1 (c / contribute-01
                  :ARG0 (e / everybody)
                  :ARG2 (f / fund-01
                        :ARG1 (b / broadcast-01
                              :ARG1-of (p / public-02)))
                  :manner (m / measure-01
                        :ARG1-of (e2 / equal-01)))))"
micro_b005,stricter_regulation_of_intelligence_services,a1,True,pro,Intelligence services must urgently be regulated more tightly by parliament;,"# ::snt Intelligence services must urgently be regulated more tightly by parliament;
(o / obligate-01
      :ARG2 (r / regulate-01
            :ARG0 (g / government-organization
                  :name (n / name
                        :op1 ""Parliament""))
            :ARG1 (s / service
                  :mod (ii / intelligence))
            :manner (u / urgent)
            :ARG1-of (h / have-degree-91
                  :ARG2 (t / tight-05
                        :ARG1 r)
                  :ARG3 (m / more))))"
micro_b006,introduce_capital_punishment,a1,True,con,The death penalty is a legal means that as such is not practicable in Germany.,"# ::snt The death penalty is a legal means that as such is not practicable in Germany.
(m / mean
      :ARG1-of (l / legal-02)
      :domain (p / penalize-01
            :manner (d / die-01))
      :ARG0-of (c / cause-01
            :ARG1 (p2 / possible-01
                  :polarity -
                  :ARG1 (p3 / practicable-00
                        :ARG1 p)
                  :location (c2 / country
                        :name (n / name
                              :op1 ""Germany"")))))"
micro_b007,higher_dog_poo_fines,a3,True,pro,That's why causing such obstacles must to be more urgently punished.,"# ::snt That's why causing such obstacles must to be more urgently punished.
(c / cause-01
      :ARG0 (t / that)
      :ARG1 (o / obligate-01
            :ARG2 (p / punish-01
                  :ARG2 c
                  :ARG1 (o2 / obstacle
                        :mod (s / such)))
            :manner (u / urgent
                  :ARG2-of (h / have-degree-91
                        :ARG1 p
                        :ARG3 (m / more)))))"
micro_b008,over_the_counter_morning_after_pill,a5,True,con,That's why a visit to the doctor and professional advice should remain mandatory.,"# ::snt That's why a visit to the doctor and professional advice should remain mandatory.
(c / cause-01
      :ARG0 (t / that)
      :ARG1 (r / recommend-01
            :ARG1 (r2 / remain-01
                  :ARG1 (a / and
                        :op1 (v / visit-01
                              :ARG1 (d / doctor))
                        :op2 (a2 / advise-01
                              :manner (p / professional)))
                  :ARG3 (m / mandatory))))"
micro_b009,cap_rent_increases,a1,True,pro,It is unfair and unjustifiable that new tenants have to pay a much higher rent than previous residents.,"# ::snt It is unfair and unjustifiable that new tenants have to pay a much higher rent than previous residents.
(a / and
      :op1 (f / fair-01
            :polarity -
            :ARG1 (o / obligate-01
                  :ARG1 (p / person
                        :ARG0-of (r / rent-01)
                        :ARG1-of (n / new-01))
                  :ARG2 (p2 / pay-01
                        :ARG0 p
                        :ARG1 (m / monetary-quantity
                              :ARG2-of (r2 / rent-01)
                              :ARG1-of (h / have-degree-91
                                    :ARG2 (h2 / high-02
                                          :ARG1 m)
                                    :ARG3 (m2 / more
                                          :quant (m3 / much))
                                    :ARG4 m
                                    :ARG2-of (r3 / rent-01
                                          :ARG2 (p3 / person
                                                :ARG0-of (r4 / reside-01)
                                                :time (p4 / previous))))))))
      :op2 (p5 / possible-01
            :polarity -
            :ARG1 (j / justify-01
                  :ARG1 o)))"
micro_b010,health_insurance_cover_complementary_medicine,a1,True,pro,"Alternative treatments should be subsidized in the same way as conventional treatments,","# ::snt Alternative treatments should be subsidized in the same way as conventional treatments,
(r / recommend-01
      :ARG1 (s / subsidize-01
            :ARG1 (t / treat-03
                  :mod (a / alternative))
            :manner (w / way
                  :ARG1-of (s2 / same-01
                        :ARG2 (s3 / subsidize-01
                              :ARG1 (t2 / treat-03
                                    :mod (c / conventional)))))))"
micro_b011,higher_dog_poo_fines,a1,True,pro,For dog dirt left on the pavement dog owners should by all means pay a bit more.,"# ::snt For dog dirt left on the pavement dog owners should by all means pay a bit more.
(r / recommend-01
      :ARG1 (p / pay-01
            :ARG0 (p2 / person
                  :ARG0-of (o / own-01
                        :ARG1 (d / dog)))
            :ARG1 (m / more
                  :quant (b / bit))
            :ARG3 (d2 / dirt
                  :part-of d
                  :ARG1-of (l / leave-12
                        :location (p3 / pavement)))
            :mod (b2 / by-all-means)))"
micro_b012,school_uniforms,a4,True,pro,"A simply designed practical outfit would even out the overall visual image of a school, and direct attention towards the character and achievements of the students - and not their buying power.","# ::snt A simply designed practical outfit would even out the overall visual image of a school, and direct attention towards the character and achievements of the students - and not their buying power.
(a / and
      :op1 (o / out-06
            :ARG0 (o2 / outfit
                  :ARG1-of (d / design-01
                        :ARG1-of (s / simple-02))
                  :ARG1-of (p / practical-03))
            :ARG1 (ii / image
                  :mod (o3 / overall)
                  :mod (v / visual)
                  :poss (s2 / school))
            :mod (e / even))
      :op2 (a2 / attend-02
            :ARG1 (a3 / and
                  :op1 (c / character
                        :poss (p2 / person
                              :ARG0-of (s3 / study-01)))
                  :op2 (a4 / achieve-01
                        :ARG0 p2))
            :ARG1-of (d2 / direct-02)
            :ARG1-of (c2 / contrast-01
                  :ARG2 (p3 / power-01
                        :polarity -
                        :ARG1 p2
                        :ARG2 (b / buy-01
                              :ARG0 p2)))))"
micro_b013,health_insurance_cover_complementary_medicine,a1,True,pro,Health insurance companies should naturally cover alternative medical treatments.,"# ::snt Health insurance companies should naturally cover alternative medical treatments.
(r / recommend-01
      :ARG1 (c / cover-01
            :ARG0 (c2 / company
                  :ARG0-of (ii / insure-02
                        :ARG1 (h / health)))
            :ARG1 (t / treat-03
                  :mod (m / medicine)
                  :mod (a / alternative))
            :ARG1-of (n / natural-03)))"
micro_b014,public_broadcasting_fees_on_demand,a1,True,pro,"Actually only those people should pay a TV & radio licence fee who really watch ARD, ZDF, Arte etc.","# ::snt Actually only those people should pay a TV & radio licence fee who really watch ARD, ZDF, Arte etc.
(r / recommend-01
      :ARG1 (p / pay-01
            :ARG0 (p2 / person
                  :mod (t / that)
                  :mod (o / only))
            :ARG1 (f / fee
                  :mod (l / license
                        :mod (t2 / television)
                        :mod (r2 / radio)))
            :ARG3 (w / watch-01
                  :ARG0 p2
                  :ARG1 (a / and
                        :op1 (p3 / publication
                              :name (n / name
                                    :op1 ""ArD""))
                        :op2 (p4 / publication
                              :name (n2 / name
                                    :op1 ""ZDF""))
                        :op3 (c / company
                              :name (n3 / name
                                    :op1 ""Arte""))
                        :op4 (e / et-cetera))
                  :ARG1-of (r3 / real-04)))
      :ARG1-of (a2 / actual-02))"
micro_b015,allow_shops_to_open_on_holidays_and_sundays,a1,True,pro,"Well, I as an employee find it very practical to be able to shop at least on weekends.","# ::snt Well, I as an employee find it very practical to be able to shop at least on weekends.
(f / find-02
      :ARG0 (ii / i
            :ARG1-of (e / employ-01))
      :ARG1 (p / practical-03
            :ARG1 (p2 / possible-01
                  :ARG1 (s / shop-01
                        :ARG0 ii
                        :time (w / weekend
                              :mod (a / at-least))))
            :degree (v / very))
      :mod (w2 / well))"
micro_b016,increase_weight_of_BA_thesis_in_final_grade,a5,True,pro,It would therefore be wise to adjust the required effort for final theses accordingly.,"# ::snt It would therefore be wise to adjust the required effort for final theses accordingly.
(w / wise
      :domain (a / adjust-01
            :ARG1 (e / effort-01
                  :ARG1-of (r / require-01)
                  :purpose (t / thesis
                        :mod (f / final)))
            :manner (a2 / accordingly))
      :ARG1-of (c / cause-01))"
micro_b017,cap_rent_increases,a1,True,pro,Rent prices should be limited by a cap when there's a change of tenant.,"# ::snt Rent prices should be limited by a cap when there's a change of tenant.
(r / recommend-01
      :ARG1 (l / limit-01
            :ARG0 (c / cap-01)
            :ARG1 (p / price-01
                  :ARG1-of (r2 / rent-01))
            :time (c2 / change-01
                  :ARG1 (t / tenant))))"
micro_b018,health_insurance_cover_complementary_medicine,a5,True,con,Therefore no unproven and unrecognized treatments by naturopaths should be reimbursed by the insurance companies.,"# ::snt Therefore no unproven and unrecognized treatments by naturopaths should be reimbursed by the insurance companies.
(ii / infer-01
      :ARG1 (r / recommend-01
            :ARG1 (r2 / reimburse-01
                  :ARG0 (c / company
                        :ARG0-of (ii2 / insure-02))
                  :ARG2 (t / treat-03
                        :polarity -
                        :ARG0 (p / person
                              :mod (n / naturopath))
                        :ARG1-of (p2 / prove-01
                              :polarity -)
                        :ARG1-of (r3 / recognize-01
                              :polarity -)))))"
micro_b019,buy_tax_evader_data_from_dubious_sources,a6,True,con,Tax data that are not made available for free should therefore not be acquired by the state.,"# ::snt Tax data that are not made available for free should therefore not be acquired by the state.
(r / recommend-01
      :ARG1 (a / acquire-01
            :polarity -
            :ARG0 (s / state)
            :ARG1 (d / data
                  :topic (t / tax-01)
                  :ARG2-of (a2 / available-02
                        :ARG1-of (m / make-02
                              :polarity -)
                        :ARG3-of (f / free-03)))))"
micro_b020,make_video_games_olympic,a6,True,con,computer games should also not be recognized as Olympic events.,"# ::snt computer games should also not be recognized as Olympic events.
(r / recommend-01
      :ARG1 (r2 / recognize-02
            :polarity -
            :ARG1 (g / game
                  :mod (c / computer))
            :ARG2 (e / event
                  :mod g
                  :name (n / name
                        :op1 ""Olympic""
                        :op2 ""Games"")))
      :mod (a / also))"
micro_b021,charge_tuition_fees,a1,True,con,Tuition fees should not be charged in Germany.,"# ::snt Tuition fees should not be charged in Germany.
(r / recommend-01
      :ARG1 (c / charge-01
            :polarity -
            :ARG1 (f / fee
                  :mod (t / tuition))
            :location (c2 / country
                  :name (n / name
                        :op1 ""Germany""))))"
micro_b022,keep_retirement_at_63,a1,True,con,"No, the retirement age should be raised to 65 again.","# ::snt No, the retirement age should be raised to 65 again.
(m / multi-sentence
      :snt1 (n / no)
      :snt2 (r / recommend-01
            :ARG1 (r2 / raise-01
                  :ARG1 (a / age-01
                        :ARG2 (r3 / retire-01))
                  :ARG4 (t / temporal-quantity
                        :quant 65
                        :unit (y / year))
                  :mod (a2 / again))))"
micro_b023,introduce_capital_punishment,a3,True,con,That's why Germany should not introduce capital punishment!,"# ::snt That's why Germany should not introduce capital punishment!
(c / cause-01
      :ARG0 (t / that)
      :ARG1 (r / recommend-01
            :ARG1 (ii / introduce-02
                  :polarity -
                  :ARG0 (c2 / country
                        :name (n / name
                              :op1 ""Germany""))
                  :ARG1 (p / punish-01
                        :mod (c3 / capital)))))"
micro_b024,cap_rent_increases,a1,True,pro,A stop must be put to exorbitant rents by imposing a limit on rent increases when changing residences.,"# ::snt A stop must be put to exorbitant rents by imposing a limit on rent increases when changing residences.
(o / obligate-01
      :ARG2 (p / put-01
            :ARG1 (s / stop-01)
            :ARG2 (r / rent-01
                  :mod (e / exorbitant))
            :manner (ii / impose-01
                  :ARG1 (l / limit-01
                        :ARG1 (ii2 / increase-01
                              :ARG1 (r2 / rent-01)))
                  :time (c / change-01
                        :ARG1 (r3 / residence)))))"
micro_b025,health_insurance_cover_complementary_medicine,a3,True,pro,A reduction in the amount of chemically produced medication per person is most certainly desirable.,"# ::snt A reduction in the amount of chemically produced medication per person is most certainly desirable.
(d / desirable-02
      :ARG1 (r / reduce-01
            :ARG1 (a / amount
                  :quant-of (m / medication
                        :ARG1-of (p / produce-01
                              :manner (c / chemical)))
                  :ARG1-of (r2 / rate-entity-91
                        :ARG2 (p2 / person))))
      :mod (c2 / certain
            :mod (m2 / most)))"
micro_b026,health_insurance_cover_complementary_medicine,a1,True,pro,The statutory health insurance companies should also cover treatments with non-medical and alternative practitioners.,"# ::snt The statutory health insurance companies should also cover treatments with non-medical and alternative practitioners.
(r / recommend-01
      :ARG1 (c / cover-01
            :ARG0 (c2 / company
                  :ARG0-of (ii / insure-02
                        :ARG1 (h / health))
                  :mod (s / statute))
            :ARG1 (t / treat-03
                  :ARG1 (a / and
                        :op1 (p / practitioner
                              :mod (m / medicine
                                    :polarity -))
                        :op2 (p2 / practitioner
                              :mod (a2 / alternative))))
            :mod (a3 / also)))"
micro_b027,introduce_capital_punishment,a1,True,con,The death penalty should be abandoned everywhere.,"# ::snt The death penalty should be abandoned everywhere.
(r / recommend-01
      :ARG1 (a / abandon-01
            :ARG1 (p / penalize-01
                  :manner (d / die-01))
            :location (e / everywhere)))"
micro_b028,charge_tuition_fees,a1,True,con,The universities in Germany should not under any circumstances charge tuition fees.,"# ::snt The universities in Germany should not under any circumstances charge tuition fees.
(r / recommend-01
      :ARG1 (c / charge-01
            :polarity -
            :ARG0 (u / university
                  :location (c2 / country
                        :name (n / name
                              :op1 ""Germany"")))
            :ARG3 (f / fee
                  :mod (t / tuition))
            :manner (u2 / under
                  :op1 (c3 / circumstance
                        :mod (a / any)))))"
micro_b029,public_broadcasting_fees_on_demand,a1,True,con,The TV/radio licence fee can only be required of all citizens/households equally.,"# ::snt The TV/radio licence fee can only be required of all citizens/households equally.
(p / possible-01
      :ARG1 (r / require-01
            :ARG0 (s / slash
                  :op1 (c / citizen)
                  :op2 (h / household)
                  :mod (a / all))
            :ARG1 (f / fee
                  :mod (l / license-01
                        :ARG1 (a2 / and
                              :op1 (t / television)
                              :op2 (r2 / radio))))
            :ARG3 s
            :ARG1-of (e / equal-01))
      :mod (o / only))"
micro_b030,school_uniforms,a1,True,con,School uniforms should not be worn in our schools.,"# ::snt School uniforms should not be worn in our schools.
(r / recommend-01
      :polarity -
      :ARG1 (w / wear-01
            :ARG1 (u / uniform
                  :mod (s / school))
            :location (s2 / school
                  :poss (w2 / we))))"
micro_b031,introduce_capital_punishment,a1,True,con,"One should not re-introduce capital punishment in Germany,","# ::snt One should not re-introduce capital punishment in Germany,
(r / recommend-01
      :polarity -
      :ARG1 (r2 / reintroduce-01
            :ARG0 (o / one)
            :ARG1 (p / punish-01
                  :mod (c / capital))
            :location (c2 / country
                  :name (n / name
                        :op1 ""Germany""))
            :mod (a / again)))"
micro_b032,higher_dog_poo_fines,a1,True,pro,There should be a higher fine for dog dirt on the pavement.,"# ::snt There should be a higher fine for dog dirt on the pavement.
(r / recommend-01
      :ARG1 (f / fine-01
            :ARG3 (d / dirt
                  :part-of (d2 / dog)
                  :location (p / pavement))
            :ARG1-of (h / have-degree-91
                  :ARG2 (h2 / high-02
                        :ARG1 f)
                  :ARG3 (m / more))))"
micro_b033,partial_housing_development_at_Tempelhofer_Feld,a1,True,pro,"I find the peripheral housing development at Tempelhofer Feld right for urban planning reasons,","# ::snt I find the peripheral housing development at Tempelhofer Feld right for urban planning reasons,
(f / find-02
      :ARG0 (ii / i)
      :ARG1 (r / right-06
            :ARG1 (d / develop-02
                  :ARG1 (h / house-01
                        :mod (p / peripheral))
                  :location (l / location
                        :name (n / name
                              :op1 ""T Tempelhofer""
                              :op2 ""Feld"")))
            :ARG1-of (c / cause-01
                  :ARG0 (r2 / reason
                        :topic (p2 / plan-01
                              :ARG1 (u / urban))))))"
micro_b034,charge_tuition_fees,a1,True,con,Tuition fees should not generally be charged by universities.,"# ::snt Tuition fees should not generally be charged by universities.
(r / recommend-01
      :ARG1 (c / charge-01
            :polarity -
            :ARG0 (u / university)
            :ARG3 (f / fee
                  :mod (t / tuition))
            :ARG1-of (g / general-02)))"
micro_b035,health_insurance_cover_complementary_medicine,a5,True,pro,The health insurance companies ought to be enabled to recognize a doctor's decision for natural treatment and also to cover it.,"# ::snt The health insurance companies ought to be enabled to recognize a doctor's decision for natural treatment and also to cover it.
(r / recommend-01
      :ARG1 (e / enable-01
            :ARG1 (a / and
                  :op1 (r2 / recognize-02
                        :ARG0 (c / company
                              :ARG0-of (ii / insure-02
                                    :ARG1 (h / health)))
                        :ARG1 (d / decide-01
                              :ARG0 (d2 / doctor)
                              :ARG1 (t / treat-03
                                    :ARG1 d2
                                    :ARG1-of (n / natural-03))))
                  :op2 (c2 / cover-01
                        :ARG0 c
                        :ARG1 d
                        :mod (a2 / also)))
            :ARG2 c))"
micro_b036,make_video_games_olympic,a1,True,pro,Video games ought to be included in the ranks of Olympic events.,"# ::snt Video games ought to be included in the ranks of Olympic events.
(r / recommend-01
      :ARG1 (ii / include-01
            :ARG1 (g / game
                  :mod (v / video))
            :ARG2 (r2 / rank
                  :poss (e / event
                        :mod g
                        :name (n / name
                              :op1 ""Olympic""
                              :op2 ""Games"")))))"
micro_b036,make_video_games_olympic,a4,True,pro,"including planning abilities, reaction time, and reasoning to name but a few.","# ::snt including planning abilities, reaction time, and reasoning to name but a few.
(ii / include-01
      :ARG1 (a / and
            :op1 (c / capable-01
                  :ARG2 (p / plan-01))
            :op2 (t / time
                  :mod (r / react-01))
            :op3 (r2 / reason-01
                  :ARG1-of (n / name-01
                        :ARG1 (t2 / thing
                              :quant (f / few))))))"
micro_b037,over_the_counter_morning_after_pill,a1,True,pro,The morning-after pill ought to be available over-the-counter in pharmacies.,"# ::snt The morning-after pill ought to be available over-the-counter in pharmacies.
(r / recommend-01
      :ARG1 (a / available-02
            :ARG2 (p / pill
                  :time (d / date-entity
                        :dayperiod (m / morning)
                        :time (a2 / after)))
            :manner (o / over-the-counter)
            :location (p2 / pharmacy)))"
micro_b038,school_uniforms,a1,True,pro,School uniforms should be introduced in our schools again.,"# ::snt School uniforms should be introduced in our schools again.
(r / recommend-01
      :ARG1 (ii / introduce-02
            :ARG1 (u / uniform
                  :mod (s / school))
            :ARG2 (s2 / school
                  :poss (w / we))
            :mod (a / again)))"
micro_b039,EU_influence_on_political_events_in_Ukraine,a1,True,pro,The EU should exert influence on the political events in Ukraine.,"# ::snt The EU should exert influence on the political events in Ukraine.
(r / recommend-01
      :ARG1 (e / exert-01
            :ARG0 (o / organization
                  :name (n / name
                        :op1 ""EU""))
            :ARG1 (ii / influence-01
                  :ARG0 o
                  :ARG1 (e2 / event
                        :mod (p / politics)
                        :location (c / country
                              :name (n2 / name
                                    :op1 ""Ukraine""))))))"
micro_b040,higher_dog_poo_fines,a1,True,pro,There should be much higher fines for dog dirt left on pavements.,"# ::snt There should be much higher fines for dog dirt left on pavements.
(r / recommend-01
      :ARG1 (f / fine-01
            :ARG3 (d / dirt
                  :part-of (d2 / dog)
                  :ARG1-of (l / leave-12
                        :location (p / pave-01)))
            :ARG1-of (h / have-degree-91
                  :ARG2 (h2 / high-02
                        :ARG1 f)
                  :ARG3 (m / more
                        :quant (m2 / much)))))"
micro_b041,stricter_regulation_of_intelligence_services,a1,True,pro,Secret services must be more tightly regulated in order to prevent excessive surveillance.,"# ::snt Secret services must be more tightly regulated in order to prevent excessive surveillance.
(o / obligate-01
      :ARG2 (r / regulate-01
            :ARG1 (s / service
                  :mod (s2 / secret))
            :ARG1-of (h / have-degree-91
                  :ARG2 (t / tight-05
                        :ARG1 r)
                  :ARG3 (m / more))
            :purpose (p / prevent-01
                  :ARG0 s
                  :ARG1 (s3 / surveil-01
                        :ARG1-of (e / excessive-02)))))"
micro_b042,over_the_counter_morning_after_pill,a4,True,con,dispensing it without medical advice would be inappropriate.,"# ::snt dispensing it without medical advice would be inappropriate.
(a / appropriate-02
      :polarity -
      :ARG1 (d / disallow-01
            :ARG1 (ii / it)
            :manner (a2 / advise-01
                  :polarity -
                  :ARG2 (m / medicine))))"
micro_b042,over_the_counter_morning_after_pill,a6,True,con,For instance the morning-after pill could result in a decrease in the use of condoms and thus lead to an increase in new infections with Aids.,"# ::snt For instance the morning-after pill could result in a decrease in the use of condoms and thus lead to an increase in new infections with Aids.
(p / possible-01
      :ARG1 (r / result-01
            :ARG1 (p2 / pill
                  :time (d / date-entity
                        :dayperiod (m / morning)
                        :time (a / after)))
            :ARG2 (d2 / decrease-01
                  :ARG1 (u / use-01
                        :ARG1 (c / condom)))
            :ARG0-of (l / lead-03
                  :ARG2 (ii / increase-01
                        :ARG1 (ii2 / infect-01
                              :ARG2 (d3 / disease
                                    :name (n / name
                                          :op1 ""AIDS""))
                              :ARG1-of (n2 / new-01)))))
      :ARG0-of (e / exemplify-01))"
micro_b044,TXL_airport_remain_operational_after_BER_opening,a1,True,pro,As a central airport Berlin Tegel is particularly attractive for business travellers and should by all means remain operational.,"# ::snt As a central airport Berlin Tegel is particularly attractive for business travellers and should by all means remain operational.
(a / and
      :op1 (a2 / attract-01
            :ARG0 (a3 / airport
                  :name (n / name
                        :op1 ""Berlin""
                        :op2 ""Tegel"")
                  :mod (c / central))
            :ARG1 (p / person
                  :ARG0-of (t / travel-01)
                  :mod (b / business))
            :mod (p2 / particular))
      :op2 (r / recommend-01
            :ARG1 (r2 / remain-01
                  :ARG1 a3
                  :ARG3 (o / operate-01
                        :ARG1 a3)
                  :mod (b2 / by-all-means))))"
micro_b045,buy_tax_evader_data_from_dubious_sources,a4,True,con,Acquiring CDs with tax data of tax delinquents is therefore out of the question.,"# ::snt Acquiring CDs with tax data of tax delinquents is therefore out of the question.
(c / cause-01
      :ARG1 (o / out-06
            :ARG1 (q / question-03
                  :ARG1 (a / acquire-01
                        :ARG1 (d / disc
                              :mod (d2 / digital)
                              :mod (v / versatile)
                              :ARG0-of (c2 / contain-01
                                    :ARG1 (d3 / data
                                          :topic (d4 / delinquency
                                                :mod (t / tax-01)))))))))"
micro_b046,stricter_regulation_of_intelligence_services,a5,True,pro,That's why intelligence services must be regulated in the framework of parliamentary oversight committees.,"# ::snt That's why intelligence services must be regulated in the framework of parliamentary oversight committees.
(c / cause-01
      :ARG0 (t / that)
      :ARG1 (o / obligate-01
            :ARG2 (r / regulate-01
                  :ARG1 (s / service
                        :mod (ii / intelligence))
                  :manner (f / framework
                        :poss (c2 / committee
                              :ARG0-of (o2 / oversee-01)
                              :mod (p / parliamentary))))))"
micro_b047,over_the_counter_morning_after_pill,a5,True,con,The morning-after pill should only be prescribed after counselling by a physician or pharmacist.,"# ::snt The morning-after pill should only be prescribed after counselling by a physician or pharmacist.
(r / recommend-01
      :ARG1 (p / prescribe-02
            :ARG1 (p2 / pill
                  :time (d / date-entity
                        :dayperiod (m / morning)
                        :time (a / after)))
            :mod (o / only)
            :time (a2 / after
                  :op1 (c / counsel-01
                        :ARG0 (o2 / or
                              :op1 (p3 / physician)
                              :op2 (p4 / pharmacist))
                        :ARG1 p2))))"
micro_b048,charge_tuition_fees,a5,True,con,Therefore universities should not charge tuition fees in Germany.,"# ::snt Therefore universities should not charge tuition fees in Germany.
(c / cause-01
      :ARG1 (r / recommend-01
            :ARG1 (c2 / charge-01
                  :polarity -
                  :ARG0 (u / university)
                  :ARG3 (f / fee
                        :mod (t / tuition))
                  :location (c3 / country
                        :name (n / name
                              :op1 ""Germany"")))))"
micro_b049,increase_weight_of_BA_thesis_in_final_grade,a5,True,con,Due to the many random factors the bachelor thesis should not play a bigger role.,"# ::snt Due to the many random factors the bachelor thesis should not play a bigger role.
(c / cause-01
      :ARG0 (f / factor
            :mod (r / random)
            :quant (m / many))
      :ARG1 (r2 / recommend-01
            :ARG1 (p / play-02
                  :polarity -
                  :ARG0 (t / thesis
                        :mod (b / bachelor))
                  :ARG1 (r3 / role
                        :ARG1-of (h / have-degree-91
                              :ARG2 (b2 / big)
                              :ARG3 (m2 / more))))))"
micro_b050,keep_retirement_at_63,a5,True,con,Raising the relative retirement age on the basis of the physical fitness of the average citizen is fair.,"# ::snt Raising the relative retirement age on the basis of the physical fitness of the average citizen is fair.
(f / fair-01
      :ARG1 (r / raise-01
            :ARG1 (a / age
                  :ARG1-of (r2 / relative-05)
                  :time-of (r3 / retire-01))
            :ARG1-of (b / base-02
                  :ARG2 (f2 / fitness
                        :mod (p / physical)
                        :poss (c / citizen
                              :ARG1-of (a2 / average-03))))))"
micro_b051,allow_shops_to_open_on_holidays_and_sundays,a6,True,con,For these reasons supermarkets and shopping centres should not be allowed to be open for business on arbitrary Sundays and holidays.,"# ::snt For these reasons supermarkets and shopping centres should not be allowed to be open for business on arbitrary Sundays and holidays.
(r / recommend-01
      :ARG1 (a / allow-01
            :polarity -
            :ARG1 (o / open-01
                  :ARG1 (a2 / and
                        :op1 (s / supermarket)
                        :op2 (c / center
                              :purpose (s2 / shop-01)))
                  :ARG3 (b / business)
                  :time (a3 / and
                        :op1 (d / date-entity
                              :weekday (s3 / sunday)
                              :ARG1-of (a4 / arbitrary-02))
                        :op2 (h / holiday-01)))
            :ARG1-of (c2 / cause-01
                  :ARG0 (r2 / reason
                        :mod (t / this)))))"
micro_b052,keep_retirement_at_63,a3,True,con,the statutory retirement age should in the future not remain at 63 years.,"# ::snt the statutory retirement age should in the future not remain at 63 years.
(r / recommend-01
      :ARG1 (r2 / remain-01
            :polarity -
            :ARG1 (t / temporal-quantity
                  :age-of (p / person
                        :ARG0-of (r3 / retire-01)
                        :mod (s / statute)))
            :ARG2 (t2 / temporal-quantity
                  :quant 63
                  :unit (y / year))
            :time (f / future)))"
micro_b053,health_insurance_cover_complementary_medicine,a5,True,con,That's why the statutory health insurance companies should not cover such treatments.,"# ::snt That's why the statutory health insurance companies should not cover such treatments.
(c / cause-01
      :ARG0 (t / that)
      :ARG1 (r / recommend-01
            :ARG1 (c2 / cover-01
                  :polarity -
                  :ARG0 (c3 / company
                        :ARG0-of (ii / insure-02
                              :ARG1 (h / health))
                        :mod (l / law
                              :name (n / name
                                    :op1 "" statutory"")))
                  :ARG1 (t2 / treat-03
                        :mod (s / such)))))"
micro_b054,partial_housing_development_at_Tempelhofer_Feld,a6,True,pro,"If however one could find a compromise between green space and housing, then Tempelhofer Feld should definitely be made available for residential construction.","# ::snt If however one could find a compromise between green space and housing, then Tempelhofer Feld should definitely be made available for residential construction.
(r / recommend-01
      :ARG1 (m / make-02
            :ARG1 (a / available-02
                  :ARG1 (c / company
                        :name (n / name
                              :op1 ""Temelhofer""
                              :op2 ""Feld""))
                  :ARG2 (c2 / construct-01
                        :mod (r2 / residential))
                  :mod (d / definite)))
      :condition (f / find-01
            :ARG0 (o / one)
            :ARG1 (c3 / compromise-01
                  :ARG0 c
                  :ARG1 (s / space
                        :ARG1-of (g / green-03))
                  :ARG2 (h / house-01))
            :ARG1-of (h2 / have-concession-91)))"
micro_b055,over_the_counter_morning_after_pill,a2,True,pro,I argue categorically in favour of over-the-counter availability of the morning-after pill in pharmacies.,"# ::snt I argue categorically in favour of over-the-counter availability of the morning-after pill in pharmacies.
(a / argue-01
      :ARG0 (ii / i)
      :ARG1 (f / favor-01
            :ARG1 (a2 / available-02
                  :ARG2 (p / pill
                        :time (d / date-entity
                              :dayperiod (m / morning)
                              :time (a3 / after)))
                  :location (p2 / pharmacy)
                  :mod (o / over-the-counter)))
      :manner (c / categorical))"
micro_b056,EU_influence_on_political_events_in_Ukraine,a6,True,pro,the EU should intervene right away.,"# ::snt the EU should intervene right away.
(r / recommend-01
      :ARG1 (ii / intervene-01
            :ARG0 (o / organization
                  :name (n / name
                        :op1 ""EU""))
            :time (r2 / right-away)))"
micro_b057,keep_retirement_at_63,a4,True,con,"Especially now, as there is a lack of skilled labour, it's irresponsible for the economy and prosperity to retire at 63.","# ::snt Especially now, as there is a lack of skilled labour, it's irresponsible for the economy and prosperity to retire at 63.
(r / responsible-02
      :polarity -
      :ARG1 (r2 / retire-01
            :ARG0 (a / and
                  :op1 (e / economy)
                  :op2 (p / prosper-01))
            :time (a2 / age-01
                  :ARG1 a
                  :ARG2 (t / temporal-quantity
                        :quant 63
                        :unit (y / year))))
      :ARG1-of (c / cause-01
            :ARG0 (l / lack-01
                  :ARG1 (l2 / labor
                        :mod (s / skill))))
      :time (n / now
            :mod (e2 / especially)))"
micro_b058,make_video_games_olympic,a2,True,pro,It would be fair to make them into an Olympic event.,"# ::snt It would be fair to make them into an Olympic event.
(f / fair-01
      :ARG1 (m / make-02
            :ARG1 (t / they)
            :ARG2 (e / event
                  :mod (g / game
                        :name (n / name
                              :op1 ""Olympics"")))))"
micro_b059,cap_rent_increases,a5,True,con,A cap on rent increases upon tenant change is therefore not to be supported.,"# ::snt A cap on rent increases upon tenant change is therefore not to be supported.
(c / cause-01
      :ARG1 (s / support-01
            :polarity -
            :ARG1 (c2 / cap-01
                  :ARG1 (ii / increase-01
                        :ARG1 (r / rent)
                        :time (c3 / change-01
                              :ARG1 (p / person
                                    :ARG0-of (h / have-rel-role-91
                                          :ARG2 (t / tenant))))))))"
micro_b060,allow_shops_to_open_on_holidays_and_sundays,a5,True,pro,Opening on Sundays and holidays would therefore help both customers and shops.,"# ::snt Opening on Sundays and holidays would therefore help both customers and shops.
(c / cause-01
      :ARG1 (h / help-01
            :ARG0 (o / open-01
                  :time (a / and
                        :op1 (d / date-entity
                              :weekday (s / sunday))
                        :op2 (h2 / holiday)))
            :ARG1 (a2 / and
                  :op1 (c2 / customer)
                  :op2 (s2 / shop)
                  :mod (b / both))))"
micro_b061,higher_dog_poo_fines,a1,True,con,Higher penalties for dog dirt are pointless as long as there is not enough personnel to enforce them.,"# ::snt Higher penalties for dog dirt are pointless as long as there is not enough personnel to enforce them.
(p / point-03
      :polarity -
      :ARG1 (p2 / penalize-01
            :ARG2 (d / dirt
                  :mod (d2 / dog))
            :ARG1-of (h / have-degree-91
                  :ARG2 (h2 / high-02
                        :ARG1 p2)
                  :ARG3 (m / more)))
      :condition (a / as-long-as
            :op1 (h3 / have-quant-91
                  :polarity -
                  :ARG1 (p3 / personnel
                        :ARG0-of (e / enforce-01
                              :ARG1 p2))
                  :ARG3 (e2 / enough))))"
micro_b062,keep_retirement_at_63,a1,True,con,I am not of the opinion that the retirement age should be set at 63 years.,"# ::snt I am not of the opinion that the retirement age should be set at 63 years.
(o / opine-01
      :polarity -
      :ARG0 (ii / i)
      :ARG1 (r / recommend-01
            :ARG1 (s / set-02
                  :ARG1 (a / age-01
                        :ARG2 (r2 / retire-01))
                  :ARG2 (t / temporal-quantity
                        :quant 63
                        :unit (y / year)))))"
micro_b064,TXL_airport_remain_operational_after_BER_opening,a6,True,con,"After the new BER Airport has been commissioned, Tegel should definitely be closed.","# ::snt After the new BER Airport has been commissioned, Tegel should definitely be closed.
(r / recommend-01
      :ARG1 (c / close-01
            :ARG1 (a / airport
                  :name (n / name
                        :op1 ""Tegel""))
            :mod (d / definite))
      :time (a2 / after
            :op1 (c2 / commission-01
                  :ARG1 (a3 / airport
                        :name (n2 / name
                              :op1 ""BER""
                              :op2 ""Airport"")
                        :ARG1-of (n3 / new-01)))))"
micro_k001,public_broadcasting_fees_on_demand,a1,True,pro,Not everyone should be obliged to pay the TV & radio licence.,"# ::snt Not everyone should be obliged to pay the TV & radio licence.
(r / recommend-01
      :ARG1 (o / oblige-02
            :ARG1 (e / everyone
                  :polarity -)
            :ARG2 (p / pay-01
                  :ARG0 e
                  :ARG3 (l / license-01
                        :ARG1 (a / and
                              :op1 (t / television)
                              :op2 (r2 / radio))))))"
micro_k002,charge_tuition_fees,a1,True,pro,Actually it would be justified if all German universities charged tuition fees.,"# ::snt Actually it would be justified if all German universities charged tuition fees.
(j / justify-01
      :ARG1 (ii / it)
      :condition (c / charge-01
            :ARG0 (u / university
                  :mod (c2 / country
                        :name (n / name
                              :op1 ""Germany""))
                  :mod (a / all))
            :ARG1 (f / fee
                  :mod (t / tuition)))
      :ARG1-of (a2 / actual-02))"
micro_k003,increase_weight_of_BA_thesis_in_final_grade,a3,True,con,Current regulations for the calculation of the total grade should therefore be maintained.,"# ::snt Current regulations for the calculation of the total grade should therefore be maintained.
(r / recommend-01
      :ARG1 (m / maintain-01
            :ARG1 (r2 / regulate-01
                  :time (c / current)
                  :purpose (c2 / calculate-01
                        :ARG1 (g / grade
                              :mod (t / total)))))
      :ARG1-of (c3 / cause-01))"
micro_k004,allow_shops_to_open_on_holidays_and_sundays,a1,True,pro,Supermarkets and shopping centres should be allowed to open on any Sundays and holidays.,"# ::snt Supermarkets and shopping centres should be allowed to open on any Sundays and holidays.
(r / recommend-01
      :ARG1 (a / allow-01
            :ARG1 (o / open-01
                  :ARG1 (a2 / and
                        :op1 (s / supermarket)
                        :op2 (c / center
                              :purpose (s2 / shop-01)))
                  :time (a3 / and
                        :op1 (d / date-entity
                              :weekday (s3 / sunday)
                              :mod (a4 / any))
                        :op2 (h / holiday
                              :mod (a5 / any))))))"
micro_k004,allow_shops_to_open_on_holidays_and_sundays,a5,True,pro,"Many European countries, for instance the Netherlands, Sweden and Great Britain, have already understood this and successfully adjusted the opening hours for retailers.","# ::snt Many European countries, for instance the Netherlands, Sweden and Great Britain, have already understood this and successfully adjusted the opening hours for retailers.
(a / and
      :op1 (u / understand-01
            :ARG0 (c / country
                  :quant (m / many)
                  :location (c2 / continent
                        :name (n / name
                              :op1 ""Europe""))
                  :example (a2 / and
                        :op1 (c3 / country
                              :name (n2 / name
                                    :op1 ""Netherlands""))
                        :op2 (c4 / country
                              :name (n3 / name
                                    :op1 ""Sweden""))
                        :op3 (c5 / country
                              :name (n4 / name
                                    :op1 ""Great""
                                    :op2 ""Britain""))))
            :ARG1 (t / this)
            :time (a3 / already))
      :op2 (a4 / adjust-01
            :ARG0 c
            :ARG1 (h / hour
                  :time-of (o / open-01
                        :ARG1 (r / retailer)))
            :ARG1-of (s / succeed-01
                  :ARG0 c)))"
micro_k006,introduce_capital_punishment,a5,True,con,We don't need it.,"# ::snt We don't need it.
(n / need-01
      :polarity -
      :ARG0 (w / we)
      :ARG1 (ii / it))"
micro_k007,allow_shops_to_open_on_holidays_and_sundays,a1,True,pro,Supermarkets and shopping centres should be allowed to open any Sundays and holidays at their discretion.,"# ::snt Supermarkets and shopping centres should be allowed to open any Sundays and holidays at their discretion.
(r / recommend-01
      :ARG1 (a / allow-01
            :ARG1 (o / open-01
                  :ARG1 (a2 / and
                        :op1 (s / supermarket)
                        :op2 (c / center
                              :purpose (s2 / shop-01)))
                  :manner (d / discretion
                        :poss a2)
                  :time (a3 / and
                        :op1 (d2 / date-entity
                              :weekday (s3 / sunday)
                              :mod (a4 / any))
                        :op2 (h / holiday
                              :mod (a5 / any))))))"
micro_k008,higher_dog_poo_fines,a1,True,pro,"If there were higher fines for leaving dog dirt on pavements, there would presumably be less dog dirt,","# ::snt If there were higher fines for leaving dog dirt on pavements, there would presumably be less dog dirt,
(h / have-condition-91
      :ARG1 (d / dirt
            :mod (d2 / dog)
            :quant (l / less)
            :ARG1-of (p / presume-01))
      :ARG2 (f / fine-01
            :ARG3 (l2 / leave-12
                  :ARG1 (d3 / dirt
                        :mod (d4 / dog))
                  :ARG2 (p2 / pave-01))
            :ARG1-of (h2 / have-degree-91
                  :ARG2 (h3 / high-02
                        :ARG1 f)
                  :ARG3 (m / more))))"
micro_k009,introduce_capital_punishment,a1,True,con,Germany should by no means introduce capital punishment.,"# ::snt Germany should by no means introduce capital punishment.
(r / recommend-01
      :ARG1 (ii / introduce-02
            :ARG0 (c / country
                  :name (n / name
                        :op1 ""Germany""))
            :ARG1 (p / punish-01
                  :mod (c2 / capital))
            :mod (b / by-no-means)))"
micro_k010,public_broadcasting_fees_on_demand,a1,True,pro,"Considering what's on television these days, it would be appropriate to only have those people pay who actually (want to) follow the programming.","# ::snt Considering what's on television these days, it would be appropriate to only have those people pay who actually (want to) follow the programming.
(a / appropriate-02
      :ARG1 (h / have-04
            :ARG1 (p / pay-01
                  :ARG0 (p2 / person
                        :mod (t / that)
                        :ARG0-of (w / want-01
                              :ARG1 (f / follow-02
                                    :ARG0 p2
                                    :ARG1 (p3 / program))
                              :ARG1-of (a2 / actual-02))))
            :mod (o / only))
      :condition (c / consider-02
            :ARG1 (t2 / thing
                  :time (d / day
                        :mod (t3 / this))
                  :medium (t4 / television))))"
micro_k011,cap_rent_increases,a4,True,pro,"If there must be rent increases, there should also be a cap to avoid nasty surprises.","# ::snt If there must be rent increases, there should also be a cap to avoid nasty surprises.
(h / have-condition-91
      :ARG1 (r / recommend-01
            :ARG1 (c / cap-01
                  :mod (a / also)
                  :purpose (a2 / avoid-01
                        :ARG1 (s / surprise-01
                              :mod (n / nasty)))))
      :ARG2 (o / obligate-01
            :ARG2 (ii / increase-01
                  :ARG1 (r2 / rent))))"
micro_k012,charge_tuition_fees,a1,True,con,German universities should on no account charge tuition fees.,"# ::snt German universities should on no account charge tuition fees.
(r / recommend-01
      :ARG1 (c / charge-01
            :polarity -
            :ARG0 (u / university
                  :mod (c2 / country
                        :name (n / name
                              :op1 ""Germany"")))
            :ARG3 (f / fee
                  :mod (t / tuition))
            :manner (a / account)))"
micro_k013,allow_shops_to_open_on_holidays_and_sundays,a3,True,con,Hence it is good when shops are not open on Sundays and public holidays.,"# ::snt Hence it is good when shops are not open on Sundays and public holidays.
(c / cause-01
      :ARG1 (g / good-02
            :ARG1 (ii / it)
            :time (a / and
                  :op1 (o / open-09
                        :polarity -
                        :ARG1 (s / shop)
                        :time (d / date-entity
                              :weekday (s2 / sunday)))
                  :op2 (h / holiday-01
                        :ARG1-of (p / public-02)))))"
micro_k014,stricter_regulation_of_intelligence_services,a1,True,pro,"Intelligence services should be more closely regulated by parliament,","# ::snt Intelligence services should be more closely regulated by parliament,
(r / recommend-01
      :ARG1 (r2 / regulate-01
            :ARG0 (g / government-organization
                  :name (n / name
                        :op1 ""Parliament""))
            :ARG1 (s / service
                  :mod (ii / intelligence))
            :ARG1-of (c / close-10
                  :ARG2-of (h / have-degree-91
                        :ARG1 r2
                        :ARG3 (m / more)))))"
micro_k015,TXL_airport_remain_operational_after_BER_opening,a1,True,unclear,"BER should be re-conceptualized from scratch,","# ::snt BER should be re-conceptualized from scratch,
(r / recommend-01
      :ARG1 (c / conceptualize-01
            :ARG1 (p / person
                  :name (n / name
                        :op1 ""BER""))
            :mod (a / again)
            :manner (s / scratch)))"
micro_k016,EU_influence_on_political_events_in_Ukraine,a2,True,con,the EU should not intervene in local politics.,"# ::snt the EU should not intervene in local politics.
(r / recommend-01
      :ARG1 (ii / intervene-01
            :polarity -
            :ARG0 (o / organization
                  :name (n / name
                        :op1 ""EU""))
            :ARG1 (p / politics
                  :ARG1-of (l / local-02))))"
micro_k017,keep_retirement_at_63,a1,True,con,"The implementation of retirement at 63 is no longer socially sustainable,","# ::snt The implementation of retirement at 63 is no longer socially sustainable,
(p / possible-01
      :ARG1 (s / sustain-01
            :ARG1 (ii / implement-01
                  :ARG1 (r / retire-01
                        :time (a / age-01
                              :ARG2 (t / temporal-quantity
                                    :quant 63
                                    :unit (y / year)))))
            :manner (s2 / social)
            :time (n / no-longer)))"
micro_k018,allow_shops_to_open_on_holidays_and_sundays,a6,True,con,That's why there ought to be one day a week when supermarkets and shopping centres stay closed.,"# ::snt That's why there ought to be one day a week when supermarkets and shopping centres stay closed.
(c / cause-01
      :ARG0 (t / that)
      :ARG1 (r / recommend-01
            :ARG1 (s / stay-01
                  :ARG1 (c2 / close-01
                        :ARG1 (a / and
                              :op1 (s2 / supermarket)
                              :op2 (c3 / center
                                    :purpose (s3 / shop-01))))
                  :frequency (r2 / rate-entity-91
                        :ARG1 1
                        :ARG2 (t2 / temporal-quantity
                              :quant 1
                              :unit (d / day))))))"
micro_k019,public_broadcasting_fees_on_demand,a6,True,con,everyone should chip in.,"# ::snt everyone should chip in.
(r / recommend-01
      :ARG1 (c / chip-in-02
            :ARG0 (e / everyone)))"
micro_k020,introduce_capital_punishment,a4,True,con,The state ought to prevent murder - not avenge it.,"# ::snt The state ought to prevent murder - not avenge it.
(r / recommend-01
      :ARG1 (c / contrast-01
            :ARG1 (p / prevent-01
                  :ARG0 (s / state)
                  :ARG1 (m / murder-01))
            :ARG2 (a / avenge-01
                  :polarity -
                  :ARG0 s
                  :ARG1 m)))"
micro_k021,cap_rent_increases,a5,True,pro,A constant increase in rent upon a change of tenants hence cannot be desired by society.,"# ::snt A constant increase in rent upon a change of tenants hence cannot be desired by society.
(c / cause-01
      :ARG0 (ii / increase-01
            :ARG1 (r / rent)
            :frequency (c2 / constant)
            :time (c3 / change-01
                  :ARG1 (p / person
                        :ARG0-of (r2 / rent-01))))
      :ARG1 (p2 / possible-01
            :polarity -
            :ARG1 (d / desire-01
                  :ARG0 (s / society)
                  :ARG1 ii)))"
micro_k022,allow_shops_to_open_on_holidays_and_sundays,a1,True,con,It is quite clear that Sunday should remain a day of rest.,"# ::snt It is quite clear that Sunday should remain a day of rest.
(c / clear-06
      :ARG1 (r / recommend-01
            :ARG1 (r2 / remain-01
                  :ARG1 (d / date-entity
                        :weekday (s / sunday))
                  :ARG3 (d2 / day
                        :time-of (r3 / rest-01))))
      :degree (q / quite))"
micro_k023,increase_weight_of_BA_thesis_in_final_grade,a1,True,pro,"The BA dissertation should, if not make up the entire grade, then at least constitute a larger share of it.","# ::snt The BA dissertation should, if not make up the entire grade, then at least constitute a larger share of it.
(r / recommend-01
      :ARG1 (c / constitute-01
            :ARG0 (d / dissertation
                  :mod (d2 / degree
                        :name (n / name
                              :op1 ""BA"")))
            :ARG1 (s / share-01
                  :ARG1 (ii / it)
                  :ARG1-of (h / have-degree-91
                        :ARG2 (l / large)
                        :ARG3 (m / more)))
            :mod (a / at-least)
            :condition (m2 / make-up-07
                  :polarity -
                  :ARG0 d
                  :ARG1 (g / grade
                        :mod (e / entire)))))"
micro_k024,higher_dog_poo_fines,a1,True,pro,"Dog owners should pay higher fines for dog dirt left on pavements,","# ::snt Dog owners should pay higher fines for dog dirt left on pavements,
(r / recommend-01
      :ARG1 (p / pay-01
            :ARG0 (p2 / person
                  :ARG0-of (o / own-01
                        :ARG1 (d / dog)))
            :ARG1 (f / fine-01
                  :ARG1 (d2 / dirt
                        :mod d
                        :ARG1-of (l / leave-12
                              :ARG2 (p3 / pave-01)))
                  :ARG1-of (h / have-degree-91
                        :ARG2 (h2 / high-02
                              :ARG1 f)
                        :ARG3 (m / more)))))"
micro_k025,introduce_capital_punishment,a5,True,pro,"Still, the state needs the death penalty as a deterrent to horrific crimes.","# ::snt Still, the state needs the death penalty as a deterrent to horrific crimes.
(n / need-01
      :ARG0 (s / state)
      :ARG1 (p / penalize-01
            :manner (d / die-01)
            :ARG0-of (d2 / deter-01
                  :ARG1 (c / crime-02
                        :mod (h / horrific))))
      :mod (s2 / still))"
micro_k027,public_broadcasting_fees_on_demand,a1,True,pro,The TV license fee should only be collected from those who actually make use of the programming of the public broadcasters.,"# ::snt The TV license fee should only be collected from those who actually make use of the programming of the public broadcasters.
(r / recommend-01
      :ARG1 (c / collect-01
            :ARG1 (f / fee
                  :mod (l / license-01
                        :ARG1 (t / television)))
            :ARG2 (p / person
                  :mod (t2 / that)
                  :ARG0-of (u / use-01
                        :ARG1 (p2 / program-01
                              :ARG0 p
                              :ARG0-of (b / broadcast-01)
                              :ARG1-of (p3 / public-02)))
                  :ARG1-of (a / actual-02)))
      :mod (o / only))"
micro_k029,over_the_counter_morning_after_pill,a1,True,con,No one should have the possibility to pick up the morning-after pill over the counter at the pharmacy.,"# ::snt No one should have the possibility to pick up the morning-after pill over the counter at the pharmacy.
(r / recommend-01
      :ARG1 (p / possible-01
            :ARG1 (p2 / pick-up-04
                  :ARG0 (n / no-one)
                  :ARG1 (p3 / pill
                        :time (d / date-entity
                              :dayperiod (m / morning)
                              :time (a / after)))
                  :location (p4 / pharmacy)
                  :manner (o / over
                        :op1 (c / counter)))))"
micro_k031,higher_dog_poo_fines,a5,True,pro,Increasing penalties is therefore the right way.,"# ::snt Increasing penalties is therefore the right way.
(c / cause-01
      :ARG1 (w / way
            :ARG1-of (r / right-02)
            :domain (ii / increase-01
                  :ARG1 (p / penalty))))"
