file_id,topic_id,adu_id,is_major_claim,stance,text
micro_b001,waste_separation,a1,FALSE,pro,"Yes, it's annoying and cumbersome to separate your rubbish properly all the time."
micro_b001,waste_separation,a2,FALSE,pro,Three different bin bags stink away in the kitchen and have to be sorted into different wheelie bins.
micro_b001,waste_separation,a3,FALSE,pro,But still Germany produces way too much rubbish
micro_b001,waste_separation,a4,FALSE,pro,and too many resources are lost when what actually should be separated and recycled is burnt.
micro_b001,waste_separation,a5,TRUE,pro,We Berliners should take the chance and become pioneers in waste separation!
micro_b002,higher_dog_poo_fines,a1,FALSE,pro,One can hardly move in Friedrichshain or Neukölln these days without permanently scanning the ground for dog dirt.
micro_b002,higher_dog_poo_fines,a2,FALSE,pro,And when bad luck does strike and you step into one of the many 'land mines' you have to painstakingly scrape the remains off your soles.
micro_b002,higher_dog_poo_fines,a3,TRUE,pro,"Higher fines are therefore the right measure against negligent, lazy or simply thoughtless dog owners."
micro_b002,higher_dog_poo_fines,a4,FALSE,pro,"Of course, first they'd actually need to be caught in the act by public order officers,"
micro_b002,higher_dog_poo_fines,a5,FALSE,pro,"but once they have to dig into their pockets, their laziness will sure vanish!"
micro_b003,health_insurance_cover_complementary_medicine,a1,TRUE,con,Health insurance companies should not cover treatment in complementary medicine
micro_b003,health_insurance_cover_complementary_medicine,a2,FALSE,con,unless the promised effect and its medical benefit have been concretely proven.
micro_b003,health_insurance_cover_complementary_medicine,a3,FALSE,con,Yet this very proof is lacking in most cases.
micro_b003,health_insurance_cover_complementary_medicine,a4,FALSE,con,Patients do often report relief of their complaints after such treatments.
micro_b003,health_insurance_cover_complementary_medicine,a5,FALSE,con,"But as long as it is unclear as to how this works, the funds should rather be spent on therapies where one knows with certainty."
micro_b004,public_broadcasting_fees_on_demand,a1,FALSE,con,"Of course there are a number of programmes in public broadcasting that are not worth the licencing fee,"
micro_b004,public_broadcasting_fees_on_demand,a2,FALSE,con,"and others, such as “Musikantenstadl” and soap operas, are only interesting to certain audiences."
micro_b004,public_broadcasting_fees_on_demand,a3,TRUE,con,"Nevertheless, everybody should contribute to the funding of the public broadcasters in equal measure,"
micro_b004,public_broadcasting_fees_on_demand,a4,FALSE,con,for we need general and independent media.
micro_b004,public_broadcasting_fees_on_demand,a5,FALSE,con,After all we want to get our view of the world neither through the lens of the government nor through that of rich media entrepreneurs.
micro_b005,stricter_regulation_of_intelligence_services,a1,TRUE,pro,Intelligence services must urgently be regulated more tightly by parliament;
micro_b005,stricter_regulation_of_intelligence_services,a2,FALSE,pro,this should be clear to everyone after the disclosures of Edward Snowden.
micro_b005,stricter_regulation_of_intelligence_services,a3,FALSE,pro,"Granted, those concern primarily the British and American intelligence services,"
micro_b005,stricter_regulation_of_intelligence_services,a4,FALSE,pro,but the German services evidently do collaborate with them closely.
micro_b005,stricter_regulation_of_intelligence_services,a5,FALSE,pro,"Their tools, data and expertise have been used to keep us under surveillance for a long time."
micro_b006,introduce_capital_punishment,a1,TRUE,con,The death penalty is a legal means that as such is not practicable in Germany.
micro_b006,introduce_capital_punishment,a2,FALSE,con,"For one thing, inviolable human dignity is anchored in our constitution,"
micro_b006,introduce_capital_punishment,a3,FALSE,con,and furthermore no one may have the right to adjudicate upon the death of another human being.
micro_b006,introduce_capital_punishment,a4,FALSE,con,"Even if many people think that a murderer has already decided on the life or death of another person,"
micro_b006,introduce_capital_punishment,a5,FALSE,con,this is precisely the crime that we should not repay with the same.
micro_b007,higher_dog_poo_fines,a1,FALSE,pro,"Dog dirt on the pavement requires my complete, ground-focused attention on my way to work."
micro_b007,higher_dog_poo_fines,a2,FALSE,pro,This results in a lack of alertness in the road traffic comparable to a minor offense of the traffic regulations.
micro_b007,higher_dog_poo_fines,a3,TRUE,pro,That's why causing such obstacles must to be more urgently punished.
micro_b007,higher_dog_poo_fines,a4,FALSE,pro,Dog owners may think that dog dirt is only a harmless secretion of an animal like any other.
micro_b007,higher_dog_poo_fines,a5,FALSE,pro,Yet then they misjudge its impact on road traffic.
micro_b008,over_the_counter_morning_after_pill,a1,FALSE,con,Of course it would be nice and simple if after a fun night out with a party acquaintance you could simply take the 'morning-after pill' and feel at ease.
micro_b008,over_the_counter_morning_after_pill,a2,FALSE,con,But it's not that simple.
micro_b008,over_the_counter_morning_after_pill,a3,FALSE,con,Perhaps a new life was already created that night.
micro_b008,over_the_counter_morning_after_pill,a4,FALSE,con,I would kill it without further thought.
micro_b008,over_the_counter_morning_after_pill,a5,TRUE,con,That's why a visit to the doctor and professional advice should remain mandatory.
micro_b009,cap_rent_increases,a1,TRUE,pro,It is unfair and unjustifiable that new tenants have to pay a much higher rent than previous residents.
micro_b009,cap_rent_increases,a2,FALSE,pro,Clearly the landlord has to pay for some repairs before a new lease.
micro_b009,cap_rent_increases,a3,FALSE,pro,But surely these costs could be covered by a minimal increase in rent over the course of the entire lease.
micro_b009,cap_rent_increases,a4,FALSE,pro,All the more so as for an adequate profit the rental rate as compared to the base rent need not be raised for every new lease.
micro_b010,health_insurance_cover_complementary_medicine,a1,TRUE,pro,"Alternative treatments should be subsidized in the same way as conventional treatments,"
micro_b010,health_insurance_cover_complementary_medicine,a2,FALSE,pro,"since both methods can lead to the prevention, mitigation or cure of an illness."
micro_b010,health_insurance_cover_complementary_medicine,a3,FALSE,pro,"Besides it should be in the interest of the health insurers to recognize alternative medicine as treatment,"
micro_b010,health_insurance_cover_complementary_medicine,a4,FALSE,pro,since there is a chance of recovery.
micro_b010,health_insurance_cover_complementary_medicine,a5,FALSE,pro,It doesn't matter after all that those who administer the treatment don't have 'doctor status'.
micro_b011,higher_dog_poo_fines,a1,TRUE,pro,For dog dirt left on the pavement dog owners should by all means pay a bit more.
micro_b011,higher_dog_poo_fines,a2,FALSE,pro,"Indeed it's not the fault of the animals,"
micro_b011,higher_dog_poo_fines,a3,FALSE,pro,"but once you step in it, their excrement seems to stick rather persistently to your soles."
micro_b012,school_uniforms,a1,FALSE,pro,"Some may find the idea of a school uniform anachronistic,"
micro_b012,school_uniforms,a2,FALSE,pro,or regard it as too much of an intervention into the leeway of students and parents to make decisions.
micro_b012,school_uniforms,a3,FALSE,pro,"Indeed, however, it's already the case today that students of apparently 'uniform-free' schools are essentially wearing a uniform consisting of certain brand-name garments."
micro_b012,school_uniforms,a4,TRUE,pro,"A simply designed practical outfit would even out the overall visual image of a school, and direct attention towards the character and achievements of the students - and not their buying power."
micro_b013,health_insurance_cover_complementary_medicine,a1,TRUE,pro,Health insurance companies should naturally cover alternative medical treatments.
micro_b013,health_insurance_cover_complementary_medicine,a2,FALSE,pro,"Not all practices and approaches that are lumped together under this term may have been proven in clinical trials,"
micro_b013,health_insurance_cover_complementary_medicine,a3,FALSE,pro,yet it's precisely their positive effect when accompanying conventional 'western' medical therapies that's been demonstrated as beneficial.
micro_b013,health_insurance_cover_complementary_medicine,a4,FALSE,pro,Besides many general practitioners offer such counselling and treatments in parallel anyway -
micro_b013,health_insurance_cover_complementary_medicine,a5,FALSE,pro,and who would want to question their broad expertise?
micro_b014,public_broadcasting_fees_on_demand,a1,TRUE,pro,"Actually only those people should pay a TV & radio licence fee who really watch ARD, ZDF, Arte etc."
micro_b014,public_broadcasting_fees_on_demand,a2,FALSE,pro,It is in fact good to support sophisticated programming through fees.
micro_b014,public_broadcasting_fees_on_demand,a3,FALSE,pro,"Curiously, however, there are still adverts and product placements on the public channels."
micro_b014,public_broadcasting_fees_on_demand,a4,FALSE,pro,"What are you paying for, then? That the same actors time and again get to have a laugh at exotic shooting locations?"
micro_b014,public_broadcasting_fees_on_demand,a5,FALSE,pro,Also the scripts are often copied off each other.
micro_b015,allow_shops_to_open_on_holidays_and_sundays,a1,TRUE,pro,"Well, I as an employee find it very practical to be able to shop at least on weekends."
micro_b015,allow_shops_to_open_on_holidays_and_sundays,a2,FALSE,pro,"Sure, other people have to work in the shops on the weekend,"
micro_b015,allow_shops_to_open_on_holidays_and_sundays,a3,FALSE,pro,but they can have days off during the week and run errands at their leisure while I'm stuck in the office.
micro_b015,allow_shops_to_open_on_holidays_and_sundays,a4,FALSE,pro,"Plus, the state wants me to spend my money,"
micro_b015,allow_shops_to_open_on_holidays_and_sundays,a5,FALSE,pro,and how am I supposed to do that when the shops aren't open when I'm off work?
micro_b016,increase_weight_of_BA_thesis_in_final_grade,a1,FALSE,pro,The idea of the bachelor degree is to put together a cumulative grade from various individual assignments in order to generate a final grade.
micro_b016,increase_weight_of_BA_thesis_in_final_grade,a2,FALSE,pro,"This is also more akin to the real working world later, where performance isn't singular, but constant and has to be delivered over longer periods."
micro_b016,increase_weight_of_BA_thesis_in_final_grade,a3,FALSE,pro,That's why it makes sense that the bachelor thesis only makes up a relatively small portion of the final grade (15 out of 120 credits).
micro_b016,increase_weight_of_BA_thesis_in_final_grade,a4,FALSE,pro,"However, the effort required for the individual equally weighted modules differs strongly."
micro_b016,increase_weight_of_BA_thesis_in_final_grade,a5,TRUE,pro,It would therefore be wise to adjust the required effort for final theses accordingly.
micro_b017,cap_rent_increases,a1,TRUE,pro,Rent prices should be limited by a cap when there's a change of tenant.
micro_b017,cap_rent_increases,a2,FALSE,pro,"Landlords may want to earn as much as possible,"
micro_b017,cap_rent_increases,a3,FALSE,pro,"and many, consistent with market principles, are prepared to pay higher rents,"
micro_b017,cap_rent_increases,a4,FALSE,pro,but that people with the same income suddenly must pay more and can't live in the same flat anymore seems implausible.
micro_b017,cap_rent_increases,a5,FALSE,pro,Gentrification destroys entire districts and their culture.
micro_b018,health_insurance_cover_complementary_medicine,a1,FALSE,con,The choice of an attending physician is at the discretion of the patient.
micro_b018,health_insurance_cover_complementary_medicine,a2,FALSE,con,Yet the funds of the health insurance companies are a common benefit for all premium payers.
micro_b018,health_insurance_cover_complementary_medicine,a3,FALSE,con,They should not be spent on personal preferences without proven use.
micro_b018,health_insurance_cover_complementary_medicine,a4,FALSE,con,The effectiveness of many natural remedies has not been demonstrated.
micro_b018,health_insurance_cover_complementary_medicine,a5,TRUE,con,Therefore no unproven and unrecognized treatments by naturopaths should be reimbursed by the insurance companies.
micro_b019,buy_tax_evader_data_from_dubious_sources,a1,FALSE,con,It is desirable that no one channels his or her wealth past the tax authorities.
micro_b019,buy_tax_evader_data_from_dubious_sources,a2,FALSE,con,Those who do or try to should be held accountable if at all possible.
micro_b019,buy_tax_evader_data_from_dubious_sources,a3,FALSE,con,"Having said that, state funds are often wasted on nonsensical investments,"
micro_b019,buy_tax_evader_data_from_dubious_sources,a4,FALSE,con,so that this ideal appears unworthy of support in many ways.
micro_b019,buy_tax_evader_data_from_dubious_sources,a5,FALSE,con,"Besides, the trading of information is obviously driven by greed of gain."
micro_b019,buy_tax_evader_data_from_dubious_sources,a6,TRUE,con,Tax data that are not made available for free should therefore not be acquired by the state.
micro_b020,make_video_games_olympic,a1,FALSE,con,Olympic events are rooted in old traditions.
micro_b020,make_video_games_olympic,a2,FALSE,con,"On the other hand, the events have a culturally determined character."
micro_b020,make_video_games_olympic,a3,FALSE,con,Our society is strongly digitized and influenced by computers.
micro_b020,make_video_games_olympic,a4,FALSE,con,Yet sports are usually associated with physical training.
micro_b020,make_video_games_olympic,a5,FALSE,con,"Since however skat, chess etc. are not accepted as Olympic events,"
micro_b020,make_video_games_olympic,a6,TRUE,con,computer games should also not be recognized as Olympic events.
micro_b021,charge_tuition_fees,a1,TRUE,con,Tuition fees should not be charged in Germany.
micro_b021,charge_tuition_fees,a2,FALSE,con,Studying and taking higher degrees must remain a basic right for everyone.
micro_b021,charge_tuition_fees,a3,FALSE,con,Fees result in longer durations of studies.
micro_b021,charge_tuition_fees,a4,FALSE,con,That's costly!
micro_b022,keep_retirement_at_63,a1,TRUE,con,"No, the retirement age should be raised to 65 again."
micro_b022,keep_retirement_at_63,a2,FALSE,con,"People are getting older on average,"
micro_b022,keep_retirement_at_63,a3,FALSE,con,but they are not sicker and not duller because of it.
micro_b022,keep_retirement_at_63,a4,FALSE,con,Without them we'd forgo a great deal of collected experience.
micro_b022,keep_retirement_at_63,a5,FALSE,con,And we'd have to offer more leisure activities for seniors.
micro_b023,introduce_capital_punishment,a1,FALSE,con,No human being or human committee should again be given the permission to rule over 'life or death'.
micro_b023,introduce_capital_punishment,a2,FALSE,con,Courts are also subject to human error.
micro_b023,introduce_capital_punishment,a3,TRUE,con,That's why Germany should not introduce capital punishment!
micro_b023,introduce_capital_punishment,a4,FALSE,con,"Every human, even those who have committed a despicable crime, can bring themselves to regret and change their opinion."
micro_b023,introduce_capital_punishment,a5,FALSE,con,A door must remain open for making amends.
micro_b024,cap_rent_increases,a1,TRUE,pro,A stop must be put to exorbitant rents by imposing a limit on rent increases when changing residences.
micro_b024,cap_rent_increases,a2,FALSE,pro,For affordable living space is scarce.
micro_b024,cap_rent_increases,a3,FALSE,pro,"Besides, a higher degree of luxury (expensive flats) is not necessary for the majority of the people, but rather a flat at all."
micro_b024,cap_rent_increases,a4,FALSE,pro,"Plus everyone has to move approx. 3-10 times in his or her life,"
micro_b024,cap_rent_increases,a5,FALSE,pro,because the size of the desired accommodation changes over the course of a lifetime.
micro_b025,health_insurance_cover_complementary_medicine,a1,FALSE,pro,"From time immemorial humans have had complementary medicine,"
micro_b025,health_insurance_cover_complementary_medicine,a2,FALSE,pro,and it has not generally been ineffective.
micro_b025,health_insurance_cover_complementary_medicine,a3,TRUE,pro,A reduction in the amount of chemically produced medication per person is most certainly desirable.
micro_b025,health_insurance_cover_complementary_medicine,a4,FALSE,pro,"This will do little damage to the pharmaceutical industry,"
micro_b025,health_insurance_cover_complementary_medicine,a5,FALSE,pro,and conventional medicine will also hardly suffer.
micro_b025,health_insurance_cover_complementary_medicine,a6,FALSE,pro,The patient could learn to be more aware of his or her body and to treat it more healthily.
micro_b026,health_insurance_cover_complementary_medicine,a1,TRUE,pro,The statutory health insurance companies should also cover treatments with non-medical and alternative practitioners.
micro_b026,health_insurance_cover_complementary_medicine,a2,FALSE,pro,Their treatment methods and successes are not amply researched or proven.
micro_b026,health_insurance_cover_complementary_medicine,a3,FALSE,pro,"Yet many patients subjectively experience relief or are cured of their complaints,"
micro_b026,health_insurance_cover_complementary_medicine,a4,FALSE,pro,which ultimately also saves costs for conventional treatments and medication.
micro_b026,health_insurance_cover_complementary_medicine,a5,FALSE,pro,"Also conventional medicine is in many cases not successful,"
micro_b026,health_insurance_cover_complementary_medicine,a6,FALSE,pro,"and, moreover, entails significant risks and side effects."
micro_b027,introduce_capital_punishment,a1,TRUE,con,The death penalty should be abandoned everywhere.
micro_b027,introduce_capital_punishment,a2,FALSE,con,From a Christian and humanistic perspective it is not allowed to kill someone.
micro_b027,introduce_capital_punishment,a3,FALSE,con,Proponents of the death penalty count on its deterring effect as well as the ultimate elimination of any potential threat.
micro_b027,introduce_capital_punishment,a4,FALSE,con,However also the threat of the death penalty in the respective countries apparently cannot prevent murder and violent crime.
micro_b027,introduce_capital_punishment,a5,FALSE,con,Moreover it turns out time and again that innocent people are also convicted and executed.
micro_b028,charge_tuition_fees,a1,TRUE,con,The universities in Germany should not under any circumstances charge tuition fees.
micro_b028,charge_tuition_fees,a2,FALSE,con,This would impede or prevent access to those who are financially weaker.
micro_b028,charge_tuition_fees,a3,FALSE,con,The anticipated objectives of tuition fees can be achieved by other means.
micro_b028,charge_tuition_fees,a4,FALSE,con,There are other instruments to motivate tighter discipline while studying.
micro_b028,charge_tuition_fees,a5,FALSE,con,And funding-wise it ought to be considered how costs incurred by students from other (federal) states can be reimbursed.
micro_b029,public_broadcasting_fees_on_demand,a1,TRUE,con,The TV/radio licence fee can only be required of all citizens/households equally.
micro_b029,public_broadcasting_fees_on_demand,a2,FALSE,con,Critics point out that they are not using what's on offer by public broadcasting.
micro_b029,public_broadcasting_fees_on_demand,a3,FALSE,con,I do doubt that there is anyone who has never at least indirectly watched the programming of the public broadcasters.
micro_b029,public_broadcasting_fees_on_demand,a4,FALSE,con,"However, it is impossible to monitor this and collect more customized fees."
micro_b029,public_broadcasting_fees_on_demand,a5,FALSE,con,"Just as with other choices in culture or infrastructure, public broadcasters are also to be financed, regardless of whether individuals make use of their programming or not."
micro_b030,school_uniforms,a1,TRUE,con,School uniforms should not be worn in our schools.
micro_b030,school_uniforms,a2,FALSE,con,They do offer the benefit that the competition over brand-name clothes and the discrimination of the socially weak are prevented.
micro_b030,school_uniforms,a3,FALSE,con,Nevertheless hardly anyone wishes to dress themselves or their children in a standard uniform.
micro_b030,school_uniforms,a4,FALSE,con,Plus such uniforms also stand for ideological conformity and for the suppression of individual self-development.
micro_b031,introduce_capital_punishment,a1,TRUE,con,"One should not re-introduce capital punishment in Germany,"
micro_b031,introduce_capital_punishment,a2,FALSE,con,since no one can claim the right to rule over the life or death of another human being.
micro_b031,introduce_capital_punishment,a3,FALSE,con,Capital punishment will not deter anyone else from an atrocity.
micro_b031,introduce_capital_punishment,a4,FALSE,con,Everyone must be given the chance to hone their conscience and possibly make amends for their deed.
micro_b032,higher_dog_poo_fines,a1,TRUE,pro,There should be a higher fine for dog dirt on the pavement.
micro_b032,higher_dog_poo_fines,a2,FALSE,pro,Dog dirt is disgusting and a hygiene problem.
micro_b032,higher_dog_poo_fines,a3,FALSE,pro,"Also children, adults and other animals aren't allowed to leave droppings on the pavement."
micro_b032,higher_dog_poo_fines,a4,FALSE,pro,"If you dispose of the waste then and there yourself, no fine is necessary."
micro_b033,partial_housing_development_at_Tempelhofer_Feld,a1,TRUE,pro,"I find the peripheral housing development at Tempelhofer Feld right for urban planning reasons,"
micro_b033,partial_housing_development_at_Tempelhofer_Feld,a2,FALSE,pro,as the area is right in the middle of the city (capital).
micro_b033,partial_housing_development_at_Tempelhofer_Feld,a3,FALSE,pro,The size of the field allows for both housing and generous open space.
micro_b034,charge_tuition_fees,a1,TRUE,con,Tuition fees should not generally be charged by universities.
micro_b034,charge_tuition_fees,a2,FALSE,con,"Universities are for all citizens, independent of their finances."
micro_b034,charge_tuition_fees,a3,FALSE,con,"Education and training are fundamental rights which the state, the society must provide."
micro_b034,charge_tuition_fees,a4,FALSE,con,"If a university lacks the funds, sponsors must be found."
micro_b034,charge_tuition_fees,a5,FALSE,con,Unfortunately this can lead to disagreeable dependencies in some cases.
micro_b035,health_insurance_cover_complementary_medicine,a1,FALSE,pro,Complementary medicine includes treatments with proven health benefits in many areas
micro_b035,health_insurance_cover_complementary_medicine,a2,FALSE,pro,"which are often less costly than medication from conventional medicine, which are also paid for after all."
micro_b035,health_insurance_cover_complementary_medicine,a3,FALSE,pro,Often natural treatments do not put as much of a strain on the patient.
micro_b035,health_insurance_cover_complementary_medicine,a4,FALSE,pro,Such therapies can frequently result in an improvement in the condition through the active participation of the patient.
micro_b035,health_insurance_cover_complementary_medicine,a5,TRUE,pro,The health insurance companies ought to be enabled to recognize a doctor's decision for natural treatment and also to cover it.
micro_b036,make_video_games_olympic,a1,TRUE,pro,Video games ought to be included in the ranks of Olympic events.
micro_b036,make_video_games_olympic,a2,FALSE,pro,The performance often required by players is considerable and by all means comparable to physical efforts.
micro_b036,make_video_games_olympic,a3,FALSE,pro,"Various skills are promoted and required by different games,"
micro_b036,make_video_games_olympic,a4,TRUE,pro,"including planning abilities, reaction time, and reasoning to name but a few."
micro_b036,make_video_games_olympic,a5,FALSE,pro,"Considering their requirements, some video games are not relevant as sports,"
micro_b036,make_video_games_olympic,a6,FALSE,pro,but this issue should be solvable through a clearly structured preselection process.
micro_b037,over_the_counter_morning_after_pill,a1,TRUE,pro,The morning-after pill ought to be available over-the-counter in pharmacies.
micro_b037,over_the_counter_morning_after_pill,a2,FALSE,pro,Even with state-of-the-art contraceptives there can be mistakes and problems
micro_b037,over_the_counter_morning_after_pill,a3,FALSE,pro,and an unwanted pregnancy can place a significant strain on both the parents and the child for the rest of their lives.
micro_b037,over_the_counter_morning_after_pill,a4,FALSE,pro,"Some worry about careless use of such measures,"
micro_b037,over_the_counter_morning_after_pill,a5,FALSE,pro,but this problem should rather be addressed with comprehensive prior education.
micro_b038,school_uniforms,a1,TRUE,pro,School uniforms should be introduced in our schools again.
micro_b038,school_uniforms,a2,FALSE,pro,"This provides an at least superficial equalization in our heavily economically oriented society,"
micro_b038,school_uniforms,a3,FALSE,pro,which may reduce discrimination of financially and/or socially disadvantaged children.
micro_b038,school_uniforms,a4,FALSE,pro,"Furthermore, it would facilitate the finding of truants, who may wish to get away with fewer classes at school."
micro_b038,school_uniforms,a5,FALSE,pro,Uniforms always and immediately provoke fear of losing one's individuality
micro_b038,school_uniforms,a6,FALSE,pro,"but what's really lacking in schools today is rather a real sense of community, which would possibly be strengthened by an equal, collective appearance."
micro_b039,EU_influence_on_political_events_in_Ukraine,a1,TRUE,pro,The EU should exert influence on the political events in Ukraine.
micro_b039,EU_influence_on_political_events_in_Ukraine,a2,FALSE,pro,"The developments in that conflict should not be left to former Cold War opponents alone,"
micro_b039,EU_influence_on_political_events_in_Ukraine,a3,FALSE,pro,for that course can only lead to escalation in some form.
micro_b039,EU_influence_on_political_events_in_Ukraine,a4,FALSE,pro,"Furthermore, Ukraine is culturally and geographically much closer than other countries that the EU (used to) get involved with."
micro_b039,EU_influence_on_political_events_in_Ukraine,a5,FALSE,pro,"Indeed one could argue that a country has to deal with internal political changes itself,"
micro_b039,EU_influence_on_political_events_in_Ukraine,a6,FALSE,pro,"but political power also brings about political responsibility, in this case the responsibility to protect the Ukrainian people from the rather strong interests of the two Great Powers."
micro_b040,higher_dog_poo_fines,a1,TRUE,pro,There should be much higher fines for dog dirt left on pavements.
micro_b040,higher_dog_poo_fines,a2,FALSE,pro,Stepping in dog dirt is gross and absolutely ruins your day
micro_b040,higher_dog_poo_fines,a3,FALSE,pro,"due to the dirt, the stench and the often considerable effort to get rid of it."
micro_b040,higher_dog_poo_fines,a4,FALSE,pro,"Besides, the fines for public urination by a human are higher than for leaving behind dog dirt on the pavement, which is disproportionate."
micro_b040,higher_dog_poo_fines,a5,FALSE,pro,"Some dog owners assume that paying a dog licence fee covers the removal of such waste,"
micro_b040,higher_dog_poo_fines,a6,FALSE,pro,but according to this logic one could hardly make the taxpayer accountable for almost any offense.
micro_b041,stricter_regulation_of_intelligence_services,a1,TRUE,pro,Secret services must be more tightly regulated in order to prevent excessive surveillance.
micro_b041,stricter_regulation_of_intelligence_services,a2,FALSE,pro,"After all, secret services tend to develop a life of their own (a state within a state), which would be irresponsible for democratic states."
micro_b041,stricter_regulation_of_intelligence_services,a3,FALSE,pro,"Besides, intelligence services intervene massively in the privacy of citizens"
micro_b041,stricter_regulation_of_intelligence_services,a4,FALSE,pro,and must therefore be monitored more closely to prevent abuse.
micro_b041,stricter_regulation_of_intelligence_services,a5,FALSE,pro,Parliamentary control however hampers the work of intelligence services
micro_b041,stricter_regulation_of_intelligence_services,a6,FALSE,pro,for it jeopardizes the secrecy and security of confidential data and informants.
micro_b042,over_the_counter_morning_after_pill,a1,FALSE,con,The state ought not to restrict medical products or medical treatments for moral reasons as long as they don't do damage to others.
micro_b042,over_the_counter_morning_after_pill,a2,FALSE,con,But without a prescription requirement there's also no medical advice given before intake.
micro_b042,over_the_counter_morning_after_pill,a3,FALSE,con,"Since the impact of the morning-after pill is so massive, particularly due to its abortive effect,"
micro_b042,over_the_counter_morning_after_pill,a4,TRUE,con,dispensing it without medical advice would be inappropriate.
micro_b042,over_the_counter_morning_after_pill,a5,FALSE,con,"Easy access to the morning-after pill could also result in its appearing to be an easier method than other forms of contraception that, however, have fewer health effects."
micro_b042,over_the_counter_morning_after_pill,a6,TRUE,con,For instance the morning-after pill could result in a decrease in the use of condoms and thus lead to an increase in new infections with Aids.
micro_b044,TXL_airport_remain_operational_after_BER_opening,a1,TRUE,pro,As a central airport Berlin Tegel is particularly attractive for business travellers and should by all means remain operational.
micro_b044,TXL_airport_remain_operational_after_BER_opening,a2,FALSE,pro,It is an asset for the economy.
micro_b044,TXL_airport_remain_operational_after_BER_opening,a3,FALSE,pro,The negative impact of air traffic however is considerable.
micro_b044,TXL_airport_remain_operational_after_BER_opening,a4,FALSE,pro,Air traffic is extremely environmentally unfriendly.
micro_b044,TXL_airport_remain_operational_after_BER_opening,a5,FALSE,pro,"Particularly in Tegel, the residents have been bearing the stress of aircraft noise for decades."
micro_b045,buy_tax_evader_data_from_dubious_sources,a1,FALSE,con,"By purchasing illegally acquired tax data of citizens, the state is not only turning itself into a felon, but it is paying criminals, too."
micro_b045,buy_tax_evader_data_from_dubious_sources,a2,FALSE,con,"Besides, the purchase of such CDs is unnecessary today,"
micro_b045,buy_tax_evader_data_from_dubious_sources,a3,FALSE,con,"as, due to changed terms of business, many banks urge their customers to turn themselves in."
micro_b045,buy_tax_evader_data_from_dubious_sources,a4,TRUE,con,Acquiring CDs with tax data of tax delinquents is therefore out of the question.
micro_b045,buy_tax_evader_data_from_dubious_sources,a5,FALSE,con,"It is indisputable, however, that by purchasing such data the state increases the pressure on tax evaders to turn themselves in."
micro_b046,stricter_regulation_of_intelligence_services,a1,FALSE,pro,Intelligence services apparently enjoy indiscriminate liberties.
micro_b046,stricter_regulation_of_intelligence_services,a2,FALSE,pro,No one can follow their activities in detail.
micro_b046,stricter_regulation_of_intelligence_services,a3,FALSE,pro,Of course a certain level of secrecy is the basis for the work of intelligence services.
micro_b046,stricter_regulation_of_intelligence_services,a4,FALSE,pro,"The unregulated work of the secret services, however, carries the danger of misuse of their authority."
micro_b046,stricter_regulation_of_intelligence_services,a5,TRUE,pro,That's why intelligence services must be regulated in the framework of parliamentary oversight committees.
micro_b047,over_the_counter_morning_after_pill,a1,FALSE,con,The morning-after pill has a number of side effects.
micro_b047,over_the_counter_morning_after_pill,a2,FALSE,con,A differentiated analysis of its side effects is not achievable for a layperson without medical advice.
micro_b047,over_the_counter_morning_after_pill,a3,FALSE,con,"However these are clearly stated on the package insert,"
micro_b047,over_the_counter_morning_after_pill,a4,FALSE,con,and a request for an early termination of a pregnancy is the right of every woman.
micro_b047,over_the_counter_morning_after_pill,a5,TRUE,con,The morning-after pill should only be prescribed after counselling by a physician or pharmacist.
micro_b048,charge_tuition_fees,a1,FALSE,con,Every German citizen has a right to education.
micro_b048,charge_tuition_fees,a2,FALSE,con,"Quality at universities has its price,"
micro_b048,charge_tuition_fees,a3,FALSE,con,which is why students also ought to be involved in this cost factor.
micro_b048,charge_tuition_fees,a4,FALSE,con,But education must not be a question of money in a wealthy society such as Germany.
micro_b048,charge_tuition_fees,a5,TRUE,con,Therefore universities should not charge tuition fees in Germany.
micro_b049,increase_weight_of_BA_thesis_in_final_grade,a1,FALSE,con,The bachelor thesis reflects both the content and the methods of the topics covered during a degree programme.
micro_b049,increase_weight_of_BA_thesis_in_final_grade,a2,FALSE,con,But one can make occasional mistakes in the thesis.
micro_b049,increase_weight_of_BA_thesis_in_final_grade,a3,FALSE,con,"If this carries more weight, many good individual assignments done during the course of study may be obscured."
micro_b049,increase_weight_of_BA_thesis_in_final_grade,a4,FALSE,con,A good grade for the thesis also significantly depends on the supervision of a dedicated teacher.
micro_b049,increase_weight_of_BA_thesis_in_final_grade,a5,TRUE,con,Due to the many random factors the bachelor thesis should not play a bigger role.
micro_b050,keep_retirement_at_63,a1,FALSE,con,"Germany's aging society is undergoing demographic change,"
micro_b050,keep_retirement_at_63,a2,FALSE,con,and the age of those who are physically and mentally fit is increasing steadily.
micro_b050,keep_retirement_at_63,a3,FALSE,con,Thus social security and pension costs are increasing.
micro_b050,keep_retirement_at_63,a4,FALSE,con,Yet no one should be required to work for more than 40 years.
micro_b050,keep_retirement_at_63,a5,TRUE,con,Raising the relative retirement age on the basis of the physical fitness of the average citizen is fair.
micro_b051,allow_shops_to_open_on_holidays_and_sundays,a1,FALSE,con,Due to the increase in opening hours on Sundays and holidays there is a rise in employment.
micro_b051,allow_shops_to_open_on_holidays_and_sundays,a2,FALSE,con,"However it's mainly temps (that is, students, pupils etc.) who are employed,"
micro_b051,allow_shops_to_open_on_holidays_and_sundays,a3,FALSE,con,so this has hardly any effect on the level of full-time employment and the number of unemployed.
micro_b051,allow_shops_to_open_on_holidays_and_sundays,a4,FALSE,con,"On top of that, private and family life suffers massively because of this reduction and shifting in designated off-times."
micro_b051,allow_shops_to_open_on_holidays_and_sundays,a5,FALSE,con,And it’s only the large companies that can afford the additional personnel expenditure.
micro_b051,allow_shops_to_open_on_holidays_and_sundays,a6,TRUE,con,For these reasons supermarkets and shopping centres should not be allowed to be open for business on arbitrary Sundays and holidays.
micro_b052,keep_retirement_at_63,a1,FALSE,con,Although the workload is getting heavier in many professions
micro_b052,keep_retirement_at_63,a2,FALSE,con,"and physical and psychological wear on personnel is steadily increasing,"
micro_b052,keep_retirement_at_63,a3,TRUE,con,the statutory retirement age should in the future not remain at 63 years.
micro_b052,keep_retirement_at_63,a4,FALSE,con,"For, due to the low birth rate, the proportion of the elderly population and with it pension costs are on the rise,"
micro_b052,keep_retirement_at_63,a5,FALSE,con,"and furthermore, due to today's healthcare most people in many occupations are fitter for work in old age than before."
micro_b053,health_insurance_cover_complementary_medicine,a1,FALSE,con,Many people see proven relief of their symptoms and complaints by complementary medicine.
micro_b053,health_insurance_cover_complementary_medicine,a2,FALSE,con,However there is no substantiated data that this healing isn't simply due to the placebo effect.
micro_b053,health_insurance_cover_complementary_medicine,a3,FALSE,con,"Besides many practices in this field are not regulated professions,"
micro_b053,health_insurance_cover_complementary_medicine,a4,FALSE,con,which means that quacks and phonies can practice these occupations unknown to the patients.
micro_b053,health_insurance_cover_complementary_medicine,a5,TRUE,con,That's why the statutory health insurance companies should not cover such treatments.
micro_b053,health_insurance_cover_complementary_medicine,a6,FALSE,con,It would be conceivable to invest more into the training and control of this occupation sector on the part of the state.
micro_b054,partial_housing_development_at_Tempelhofer_Feld,a1,FALSE,pro,"For years there has been a housing shortage in Berlin,"
micro_b054,partial_housing_development_at_Tempelhofer_Feld,a2,FALSE,pro,"so that using Tempelhofer Feld, which offers a lot of open space and is currently hardly developed, as living space is a sensible idea."
micro_b054,partial_housing_development_at_Tempelhofer_Feld,a3,FALSE,pro,"Since the area belongs to the federal state, or the federation,"
micro_b054,partial_housing_development_at_Tempelhofer_Feld,a4,FALSE,pro,it could even be used for social housing with affordable rents.
micro_b054,partial_housing_development_at_Tempelhofer_Feld,a5,FALSE,pro,"Admittedly the fields have currently become an attractive leisure park with sporting areas for many visitors and Berliners, especially in spring and summer."
micro_b054,partial_housing_development_at_Tempelhofer_Feld,a6,TRUE,pro,"If however one could find a compromise between green space and housing, then Tempelhofer Feld should definitely be made available for residential construction."
micro_b055,over_the_counter_morning_after_pill,a1,FALSE,pro,"Being a pharmacist myself,"
micro_b055,over_the_counter_morning_after_pill,a2,TRUE,pro,I argue categorically in favour of over-the-counter availability of the morning-after pill in pharmacies.
micro_b055,over_the_counter_morning_after_pill,a3,FALSE,pro,From a medical perspective the morning-after pill works best when taken as soon as possible after intercourse.
micro_b055,over_the_counter_morning_after_pill,a4,FALSE,pro,"Always having to visit the doctor first (including travel and waiting time, possible embarrassment, etc.) leads to more unwanted pregnancies."
micro_b055,over_the_counter_morning_after_pill,a5,FALSE,pro,Many opponents of the pill point out that this does away with the consultation at the doctor's and many women take it unnecessarily.
micro_b055,over_the_counter_morning_after_pill,a6,FALSE,pro,"However, the fact is that we pharmacists are legally required to inform the patients and possess the same subject matter expertise as doctors."
micro_b056,EU_influence_on_political_events_in_Ukraine,a1,FALSE,pro,A violation of international law should be more than enough to consider a reaction!
micro_b056,EU_influence_on_political_events_in_Ukraine,a2,FALSE,pro,"Humanity has made enough mistakes throughout history by waiting too long, and when it has finally reacted, the only remaining option has usually been war."
micro_b056,EU_influence_on_political_events_in_Ukraine,a3,FALSE,pro,"It's to be noted that in our civilized world, in a democratic country, the people can determine their own fate,"
micro_b056,EU_influence_on_political_events_in_Ukraine,a4,FALSE,pro,"as long as the motivation of those people isn't triggered by propaganda, corruption and military pressure."
micro_b056,EU_influence_on_political_events_in_Ukraine,a5,FALSE,pro,"Since, however, in Russia besides gas and oil only propaganda and corruption rule,"
micro_b056,EU_influence_on_political_events_in_Ukraine,a6,TRUE,pro,the EU should intervene right away.
micro_b057,keep_retirement_at_63,a1,FALSE,con,"Retirement at 63, that's something everyone who has toiled away (nonstop) up to this point surely deserves."
micro_b057,keep_retirement_at_63,a2,FALSE,con,Only the question remains whether this early 'leisure' will be nicer if you have no idea what do to all day and you statistically still have almost 20 (!!!) years to go?
micro_b057,keep_retirement_at_63,a3,FALSE,con,"Also, one isn't taking responsibility for society if one gives up one's experienced, healthy and highly qualified capabilities earlier than necessary for private/personal reasons."
micro_b057,keep_retirement_at_63,a4,TRUE,con,"Especially now, as there is a lack of skilled labour, it's irresponsible for the economy and prosperity to retire at 63."
micro_b058,make_video_games_olympic,a1,FALSE,pro,"Video games, namely FIFA in my case, can fascinate young people for hours more intensively and emotionally than any sport in the world!"
micro_b058,make_video_games_olympic,a2,TRUE,pro,It would be fair to make them into an Olympic event.
micro_b058,make_video_games_olympic,a3,FALSE,pro,"Perhaps it is less thrilling for a spectator than for the player,"
micro_b058,make_video_games_olympic,a4,FALSE,pro,"but also for contemporary Olympic events, I recall curling and 50km cross-country skiing, you have to be more than a freak to follow those more properly than only in the roundup of highlights."
micro_b058,make_video_games_olympic,a5,FALSE,pro,"Plus the hurdle to make video games Olympic events is minimal,"
micro_b058,make_video_games_olympic,a6,FALSE,pro,"as you don't even need doping tests, only a neutral console."
micro_b058,make_video_games_olympic,a7,FALSE,pro,"And many a video game is physically and particularly mentally more demanding, when I think of the last FIFA tournament's final, than kicking a ball 20 metres."
micro_b059,cap_rent_increases,a1,FALSE,con,Rent prices are already regulated in favour of tenants due to existing laws and the rent index.
micro_b059,cap_rent_increases,a2,FALSE,con,"In view of the high prices for buying flats with existing rent contracts, these are an unattractive investment."
micro_b059,cap_rent_increases,a3,FALSE,con,"Even if one might think that additional rent control is needed besides the current tenant protection,"
micro_b059,cap_rent_increases,a4,FALSE,con,one should not deny longstanding owners the opportunity to adjust their returns to market level.
micro_b059,cap_rent_increases,a5,TRUE,con,A cap on rent increases upon tenant change is therefore not to be supported.
micro_b060,allow_shops_to_open_on_holidays_and_sundays,a1,FALSE,pro,"Owner-run shops may potentially be overwhelmed by additional work times on Sundays and holidays,"
micro_b060,allow_shops_to_open_on_holidays_and_sundays,a2,FALSE,pro,then again supermarkets and large shopping centres dominate the market today already.
micro_b060,allow_shops_to_open_on_holidays_and_sundays,a3,FALSE,pro,"Thus smaller shops could benefit from the additional freedom,"
micro_b060,allow_shops_to_open_on_holidays_and_sundays,a4,FALSE,pro,as customers are on average more laid-back on Sunday.
micro_b060,allow_shops_to_open_on_holidays_and_sundays,a5,TRUE,pro,Opening on Sundays and holidays would therefore help both customers and shops.
micro_b061,higher_dog_poo_fines,a1,TRUE,con,Higher penalties for dog dirt are pointless as long as there is not enough personnel to enforce them.
micro_b061,higher_dog_poo_fines,a2,FALSE,con,"In individual cases they may indeed act as a deterrent,"
micro_b061,higher_dog_poo_fines,a3,FALSE,con,"in general, however, a clean environment and the role model effect of others is more likely to motivate the dog owner to pick up the droppings than a potential fine."
micro_b062,keep_retirement_at_63,a1,TRUE,con,I am not of the opinion that the retirement age should be set at 63 years.
micro_b062,keep_retirement_at_63,a2,FALSE,con,This would mean that organizations would be lacking a great deal of manpower in the future.
micro_b062,keep_retirement_at_63,a3,FALSE,con,The introductory phase of retirement at 63 would also be a particular challenge
micro_b062,keep_retirement_at_63,a4,FALSE,con,as upon introduction many current employees of advanced age would immediately be eligible to retire.
micro_b062,keep_retirement_at_63,a5,FALSE,con,This is detrimental for Germany as a business location and leaves employers without a transition period.
micro_b062,keep_retirement_at_63,a6,FALSE,con,The danger here is that experienced junior staff is not available in sufficient numbers.
micro_b064,TXL_airport_remain_operational_after_BER_opening,a1,FALSE,con,I think Berlin with its two inner-city airports was lucky not having to experience an airplane catastrophe for decades.
micro_b064,TXL_airport_remain_operational_after_BER_opening,a2,FALSE,con,For safety reasons alone I find continued operation wrong.
micro_b064,TXL_airport_remain_operational_after_BER_opening,a3,FALSE,con,"Also, Berlin urgently needs inner-city areas for business and industry, and for housing."
micro_b064,TXL_airport_remain_operational_after_BER_opening,a4,FALSE,con,Closing down Tegel will have health benefits for hundreds of thousands in the approach path.
micro_b064,TXL_airport_remain_operational_after_BER_opening,a5,FALSE,con,These areas will be upgraded economically due to these factors (housing health and employment).
micro_b064,TXL_airport_remain_operational_after_BER_opening,a6,TRUE,con,"After the new BER Airport has been commissioned, Tegel should definitely be closed."
micro_d01,MISSING_TOPIC,a1,TRUE,unknown,Freddy and I must be siblings.
micro_d01,MISSING_TOPIC,a2,FALSE,unknown,We both have the exact same two moles on our left arm
micro_d01,MISSING_TOPIC,a3,FALSE,unknown,and you only get that with siblings.
micro_d01,MISSING_TOPIC,a4,FALSE,unknown,My parents say this could also be pure coincidence.
micro_d01,MISSING_TOPIC,a5,FALSE,unknown,But that much of a coincidence is simply impossible.
micro_d02,MISSING_TOPIC,a1,TRUE,unknown,Berlin's basketball team has just come out of a sobering season.
micro_d02,MISSING_TOPIC,a2,FALSE,unknown,Especially the home games have seen the team stay behind expectations.
micro_d02,MISSING_TOPIC,a3,TRUE,unknown,A sad highlight: Losing 60:87 to the weakish Mannheimers in a sold-out stadium.
micro_d02,MISSING_TOPIC,a4,FALSE,unknown,"Indeed the team ended up third in the league,"
micro_d02,MISSING_TOPIC,a5,FALSE,unknown,but given the cost of the star-players one could've expected more.
micro_d03,MISSING_TOPIC,a1,TRUE,unknown,It was clearly a mistake to include Tom in our football team.
micro_d03,MISSING_TOPIC,a2,FALSE,unknown,"He's just not a team player, and often goes it alone."
micro_d03,MISSING_TOPIC,a3,FALSE,unknown,"Plus he comes to training way too rarely,"
micro_d03,MISSING_TOPIC,a4,FALSE,unknown,although he plays very well without training.
micro_d03,MISSING_TOPIC,a5,FALSE,unknown,But the worst thing is his habit of always complaining to the referee.
micro_d04,MISSING_TOPIC,a1,FALSE,unknown,Anti-virus software protects the users of a computer from dangers from the internet.
micro_d04,MISSING_TOPIC,a2,TRUE,unknown,That's why everyone should have an anti-virus programme on his or her Windows machine.
micro_d04,MISSING_TOPIC,a3,FALSE,unknown,"Admittedly they do not generally prevent you from catching a virus,"
micro_d04,MISSING_TOPIC,a4,FALSE,unknown,since they can only react to publicly known threats.
micro_d04,MISSING_TOPIC,a5,FALSE,unknown,"But once a safeguard has been found against a new virus, everyone gets it in no time through the automatic update."
micro_d05,MISSING_TOPIC,a1,TRUE,unknown,Today I will delete my Facebook account.
micro_d05,MISSING_TOPIC,a2,FALSE,unknown,Not only because I'm constantly astonished about who wants to be my friend.
micro_d05,MISSING_TOPIC,a3,FALSE,unknown,I'm also tired of my data boosting the market value of that corporation.
micro_d05,MISSING_TOPIC,a4,FALSE,unknown,Facebook warns me emphatically that I may lose contact with my friends.
micro_d05,MISSING_TOPIC,a5,FALSE,unknown,And yet now I'll actually have all the more time for them.
micro_d06,MISSING_TOPIC,a1,TRUE,unknown,Peter should close his snack bar as soon as possible.
micro_d06,MISSING_TOPIC,a2,FALSE,unknown,"Pricing pressures are just too high,"
micro_d06,MISSING_TOPIC,a3,FALSE,unknown,and his pool of customers is shrinking constantly.
micro_d06,MISSING_TOPIC,a4,FALSE,unknown,"Of course he could do another big ad campaign,"
micro_d06,MISSING_TOPIC,a5,FALSE,unknown,but that won't do the trick if the whole neighbourhood is going down the drain in the end.
micro_d07,MISSING_TOPIC,a1,TRUE,unknown,The current tour of Tokio Hotel is breaking all records.
micro_d07,MISSING_TOPIC,a2,FALSE,unknown,Never have there been longer queues at the advance ticket offices –
micro_d07,MISSING_TOPIC,a3,TRUE,unknown,in Japan there was one exceeding 3.2km –
micro_d07,MISSING_TOPIC,a4,FALSE,unknown,"aside from, perhaps, during the heyday of Take That."
micro_d07,MISSING_TOPIC,a5,FALSE,unknown,But at times even the online sales outlets haven't been coping with the demand.
micro_d08,MISSING_TOPIC,a1,FALSE,unknown,"Although IBM's numbers haven't been staggering recently,"
micro_d08,MISSING_TOPIC,a2,FALSE,unknown,"and the mood in the stock market could be better on the whole,"
micro_d08,MISSING_TOPIC,a3,TRUE,unknown,you should buy IBM shares if you want to invest.
micro_d08,MISSING_TOPIC,a4,FALSE,unknown,"Because for one thing, their products will still sell in bad times,"
micro_d08,MISSING_TOPIC,a5,FALSE,unknown,"and in addition, such a share is not as sensitive as those of other IT companies."
micro_d09,MISSING_TOPIC,a1,TRUE,unknown,"You should watch less television,"
micro_d09,MISSING_TOPIC,a2,FALSE,unknown,"as too much TV makes you stupid in the long run,"
micro_d09,MISSING_TOPIC,a3,TRUE,unknown,like your brother.
micro_d09,MISSING_TOPIC,a4,FALSE,unknown,"It would be an exception if you only watched quiz shows,"
micro_d09,MISSING_TOPIC,a5,FALSE,unknown,but you tend to watch Big Brother and X-Diaries.
micro_d10,MISSING_TOPIC,a1,TRUE,unknown,In a few decades our society will have a disproportionate number of old people:
micro_d10,MISSING_TOPIC,a2,FALSE,unknown,"the life expectancy is constantly rising,"
micro_d10,MISSING_TOPIC,a3,FALSE,unknown,and at the same time birth rates are declining.
micro_d10,MISSING_TOPIC,a4,FALSE,unknown,"Although having children has become more fashionable again in recent years,"
micro_d10,MISSING_TOPIC,a5,FALSE,unknown,these short-term fluctuations in birth rates don't change the general trend at all.
micro_d11,MISSING_TOPIC,a1,TRUE,unknown,We should go to the Baltic Sea on the weekend.
micro_d11,MISSING_TOPIC,a2,FALSE,unknown,"According to the weather report it'll be perfect beach weather,"
micro_d11,MISSING_TOPIC,a3,FALSE,unknown,"and one mustn't let this go to waste,"
micro_d11,MISSING_TOPIC,a4,FALSE,unknown,even if I do have to prepare a presentation for Tuesday.
micro_d11,MISSING_TOPIC,a5,FALSE,unknown,"Besides, I get to use my folks' big, comfy car."
micro_d12,MISSING_TOPIC,a1,TRUE,unknown,I can only recommend the new smartphone XYZ-123 to everyone.
micro_d12,MISSING_TOPIC,a2,FALSE,unknown,"Of course the camera could be better,"
micro_d12,MISSING_TOPIC,a3,FALSE,unknown,as it only has mediocre resolution
micro_d12,MISSING_TOPIC,a4,FALSE,unknown,and images in dark surroundings are often snowy.
micro_d12,MISSING_TOPIC,a5,FALSE,unknown,But for snap shots that's still enough.
micro_d13,MISSING_TOPIC,a1,FALSE,unknown,"Whenever Peter bumps into an ex-girlfriend at a party, he forgoes any further consumption of alcohol just in case."
micro_d13,MISSING_TOPIC,a2,FALSE,unknown,When he got back from Ralf's party last night he was still stone-cold sober.
micro_d13,MISSING_TOPIC,a3,TRUE,unknown,Thus one of his ex-girlfriends must have been there.
micro_d13,MISSING_TOPIC,a4,FALSE,unknown,Ralf does insist that they drank advocaat together.
micro_d13,MISSING_TOPIC,a5,FALSE,unknown,But even without an ex-girlfriend he would never touch that.
micro_d14,MISSING_TOPIC,a1,TRUE,unknown,I think Fritz has never been in a fight in his life.
micro_d14,MISSING_TOPIC,a2,FALSE,unknown,"As a boy he did use to scuffle with the other choirboys,"
micro_d14,MISSING_TOPIC,a3,FALSE,unknown,but that hardly counts as a proper brawl.
micro_d14,MISSING_TOPIC,a4,FALSE,unknown,And he always chickens out when things get dicey.
micro_d14,MISSING_TOPIC,a5,TRUE,unknown,"Yesterday, when the bouncer wouldn't let us in, he was suddenly gone."
micro_d15,MISSING_TOPIC,a1,FALSE,unknown,"Every day passengers are harassed by hooligans and drunks on the underground, trains and busses."
micro_d15,MISSING_TOPIC,a2,FALSE,unknown,Also the rules of the public transportation services are rarely observed.
micro_d15,MISSING_TOPIC,a3,TRUE,unknown,"This is why we need more police presence in public transport,"
micro_d15,MISSING_TOPIC,a4,FALSE,unknown,even if there are actually designated in-house security forces.
micro_d15,MISSING_TOPIC,a5,FALSE,unknown,Passengers would definitely feel safer then.
micro_d16,MISSING_TOPIC,a1,FALSE,unknown,There are parliamentary elections soon
micro_d16,MISSING_TOPIC,a2,FALSE,unknown,and traditionally the governing party is generous with popular promises in the run-up to federal elections.
micro_d16,MISSING_TOPIC,a3,TRUE,unknown,"Nevertheless the head of government, Merkel, had better restrain herself in announcing handouts this year."
micro_d16,MISSING_TOPIC,a4,FALSE,unknown,Voters have become more sceptical.
micro_d16,MISSING_TOPIC,a5,FALSE,unknown,Too many promises have not been kept.
micro_d17,MISSING_TOPIC,a1,FALSE,unknown,Excessive consumption of meat is unhealthy.
micro_d17,MISSING_TOPIC,a2,FALSE,unknown,"Furthermore, the production of meat is comparably resource-intensive."
micro_d17,MISSING_TOPIC,a3,TRUE,unknown,We should thus all limit our consumption of meat rigorously.
micro_d17,MISSING_TOPIC,a4,FALSE,unknown,One could worry that our farmers would then run into economic difficulties.
micro_d17,MISSING_TOPIC,a5,FALSE,unknown,"However, no serious economist has confirmed this prediction to date."
micro_d18,MISSING_TOPIC,a1,FALSE,unknown,Schweinsteiger has now been injured for three days.
micro_d18,MISSING_TOPIC,a2,TRUE,unknown,We urgently need a midfield replacement for the coming match.
micro_d18,MISSING_TOPIC,a3,FALSE,unknown,"The doctor was able to sign him off as fit for play with enough painkillers,"
micro_d18,MISSING_TOPIC,a4,FALSE,unknown,but that would only make the injury worse in the long run.
micro_d18,MISSING_TOPIC,a5,FALSE,unknown,And a young substitute always invigorates the team.
micro_d19,MISSING_TOPIC,a1,FALSE,unknown,"A bank bailout is very, very costly."
micro_d19,MISSING_TOPIC,a2,TRUE,unknown,"For instance, the taxpayer stood in for the failed bank 'Hypo Real Estate' with a three-figure billion amount."
micro_d19,MISSING_TOPIC,a3,TRUE,unknown,That's why we should not allow any additional bank rescues.
micro_d19,MISSING_TOPIC,a4,FALSE,unknown,The politicians are trying to appease us with the fact that actually only a tiny amount of all that money was really spent.
micro_d19,MISSING_TOPIC,a5,FALSE,unknown,But even with that tiny amount you could do a lot of good elsewhere.
micro_d20,MISSING_TOPIC,a1,TRUE,unknown,The prototype of Audi's new sports car has car lovers raving.
micro_d20,MISSING_TOPIC,a2,FALSE,unknown,"The steering system may still need a bit of tweaking,"
micro_d20,MISSING_TOPIC,a3,FALSE,unknown,"as the car jack-knifes at higher speeds,"
micro_d20,MISSING_TOPIC,a4,FALSE,unknown,and surely you'll want to be speeding a lot with that beauty.
micro_d20,MISSING_TOPIC,a5,FALSE,unknown,But aside from that the car caters to pretty much every wish.
micro_d21,MISSING_TOPIC,a1,FALSE,unknown,Energy saving light bulbs contain a significant amount of toxins.
micro_d21,MISSING_TOPIC,a2,TRUE,unknown,A commercially available bulb may contain for example up to five milligrams of mercury.
micro_d21,MISSING_TOPIC,a3,TRUE,unknown,"That's why they should be taken off the market,"
micro_d21,MISSING_TOPIC,a4,FALSE,unknown,unless they're unbreakable.
micro_d21,MISSING_TOPIC,a5,FALSE,unknown,But precisely this is unfortunately not the case.
micro_d22,MISSING_TOPIC,a1,FALSE,unknown,"Large events that stir national or even international attention attract many visitors,"
micro_d22,MISSING_TOPIC,a2,FALSE,unknown,and nothing will get Berlin out of its financial jam more than a lot of spending visitors.
micro_d22,MISSING_TOPIC,a3,TRUE,unknown,Hence the Mayor of Berlin ought to keep the hurdles for organizing such events as low as possible.
micro_d22,MISSING_TOPIC,a4,FALSE,unknown,"Of course a higher federal subsidy would be even better for Berlin's coffers,"
micro_d22,MISSING_TOPIC,a5,FALSE,unknown,but you shouldn't bother hoping for that.
micro_d23,MISSING_TOPIC,a1,TRUE,unknown,Tomorrow I will skydive for the first time in my life.
micro_d23,MISSING_TOPIC,a2,FALSE,unknown,"Yes, there is a certain risk to life."
micro_d23,MISSING_TOPIC,a3,FALSE,unknown,But I want to experience this incredible moment of freedom that skydivers report time and again.
micro_d23,MISSING_TOPIC,a4,FALSE,unknown,"Besides, Jochen was given a parachute jump the other day as a gift,"
micro_d23,MISSING_TOPIC,a5,FALSE,unknown,and it mustn't be that this wannabe-adventurer has one up on me.
micro_k001,public_broadcasting_fees_on_demand,a1,TRUE,pro,Not everyone should be obliged to pay the TV & radio licence.
micro_k001,public_broadcasting_fees_on_demand,a2,FALSE,pro,Particularly the younger generations are no longer dependent on the programming of public broadcasters.
micro_k001,public_broadcasting_fees_on_demand,a3,FALSE,pro,"US series are preferred over “Tatort”,"
micro_k001,public_broadcasting_fees_on_demand,a4,FALSE,pro,and online magazines are turned to instead of the “Tagesthemen”.
micro_k001,public_broadcasting_fees_on_demand,a5,FALSE,pro,The TV & radio licence enables economically independent journalism.
micro_k001,public_broadcasting_fees_on_demand,a6,FALSE,pro,"But as long as the licence payers have no say in the distribution of the funds, the fee quite rightly annoys them."
micro_k002,charge_tuition_fees,a1,TRUE,pro,Actually it would be justified if all German universities charged tuition fees.
micro_k002,charge_tuition_fees,a2,FALSE,pro,"As long as it is ensured that the funds really benefit the universities directly, one can continue to regard this as social justice."
micro_k002,charge_tuition_fees,a3,FALSE,pro,"Those who study later decide this early on, anyway."
micro_k002,charge_tuition_fees,a4,FALSE,pro,It's always possible to take out a student loan or to earn a scholarship.
micro_k002,charge_tuition_fees,a5,FALSE,pro,"To oblige non-academics to finance others' degrees through taxes, however, is not just."
micro_k003,increase_weight_of_BA_thesis_in_final_grade,a1,FALSE,con,Usually you only have eight weeks to complete a bachelor thesis in linguistics degrees.
micro_k003,increase_weight_of_BA_thesis_in_final_grade,a2,FALSE,con,Adjusting the portion of the total grade upwards anyway would not be commensurate to other study assignments and examinations.
micro_k003,increase_weight_of_BA_thesis_in_final_grade,a3,TRUE,con,Current regulations for the calculation of the total grade should therefore be maintained.
micro_k003,increase_weight_of_BA_thesis_in_final_grade,a4,FALSE,con,Indeed the preparation of such a scientific work is a fundamental competency that must be acquired in philological degrees.
micro_k003,increase_weight_of_BA_thesis_in_final_grade,a5,FALSE,con,"Throughout the six or seven semesters, however, topics are covered that likewise ought to carry weight."
micro_k004,allow_shops_to_open_on_holidays_and_sundays,a1,TRUE,pro,Supermarkets and shopping centres should be allowed to open on any Sundays and holidays.
micro_k004,allow_shops_to_open_on_holidays_and_sundays,a2,FALSE,pro,This may be a change for the employees that cannot to be implemented easily.
micro_k004,allow_shops_to_open_on_holidays_and_sundays,a3,FALSE,pro,"However, especially for working customers this would mean greater flexibility and fewer nerve-racking peak times during the week."
micro_k004,allow_shops_to_open_on_holidays_and_sundays,a4,FALSE,pro,"Considering the growing digitization of society, the traditional model of the weekend will soon be obsolete."
micro_k004,allow_shops_to_open_on_holidays_and_sundays,a5,TRUE,pro,"Many European countries, for instance the Netherlands, Sweden and Great Britain, have already understood this and successfully adjusted the opening hours for retailers."
micro_k006,introduce_capital_punishment,a1,FALSE,con,"If Germany were to introduce the death penalty, convicted felons could not be paroled or break out of prison and commit new felonies."
micro_k006,introduce_capital_punishment,a2,FALSE,con,"However, a death would not be of any more use to those affected and their relatives than if the felon receives a long sentence."
micro_k006,introduce_capital_punishment,a3,FALSE,con,Plus we don't live in medieval times anymore.
micro_k006,introduce_capital_punishment,a4,FALSE,con,Handing out capital punishment is unethical.
micro_k006,introduce_capital_punishment,a5,TRUE,con,We don't need it.
micro_k007,allow_shops_to_open_on_holidays_and_sundays,a1,TRUE,pro,Supermarkets and shopping centres should be allowed to open any Sundays and holidays at their discretion.
micro_k007,allow_shops_to_open_on_holidays_and_sundays,a2,FALSE,pro,"For in this way, Sunday shopping days would be better spread out through the year."
micro_k007,allow_shops_to_open_on_holidays_and_sundays,a3,FALSE,pro,Also streets and shops would presumably be emptier
micro_k007,allow_shops_to_open_on_holidays_and_sundays,a4,FALSE,pro,as not everyone would be open on the same day.
micro_k007,allow_shops_to_open_on_holidays_and_sundays,a5,FALSE,pro,However then you'd have a worse overview of which shop is open on a given day.
micro_k008,higher_dog_poo_fines,a1,TRUE,pro,"If there were higher fines for leaving dog dirt on pavements, there would presumably be less dog dirt,"
micro_k008,higher_dog_poo_fines,a2,FALSE,pro,which in turn would result in generally clean pavements.
micro_k008,higher_dog_poo_fines,a3,FALSE,pro,"Higher fines may not be ideal, particularly for financially weaker individuals,"
micro_k008,higher_dog_poo_fines,a4,FALSE,pro,but cleaning up after their dogs does happen to be the obligation of the owners.
micro_k009,introduce_capital_punishment,a1,TRUE,con,Germany should by no means introduce capital punishment.
micro_k009,introduce_capital_punishment,a2,FALSE,con,"If there were capital punishment, this would mean people are allowed to put themselves above others and rule over their lives."
micro_k009,introduce_capital_punishment,a3,FALSE,con,Capital punishment would be murder and would have to be punished with the death penalty itself.
micro_k009,introduce_capital_punishment,a4,FALSE,con,"What, then, ought to be done with criminals who have committed truly awful crimes such as murder or rape - should they simply be allowed to live on"
micro_k009,introduce_capital_punishment,a5,FALSE,con,although they have taken or destroyed another life?
micro_k009,introduce_capital_punishment,a6,FALSE,con,"Yes, for it is a much graver punishment to be imprisoned forever and be tortured by one's own thoughts than to be killed quickly and easily by an injection."
micro_k010,public_broadcasting_fees_on_demand,a1,TRUE,pro,"Considering what's on television these days, it would be appropriate to only have those people pay who actually (want to) follow the programming."
micro_k010,public_broadcasting_fees_on_demand,a2,FALSE,pro,"In some cases there are only shows for older generations on at prime times, so why then should everyone pay for this?"
micro_k010,public_broadcasting_fees_on_demand,a3,FALSE,pro,"By now you have advertising on all channels,"
micro_k010,public_broadcasting_fees_on_demand,a4,FALSE,pro,so there's no advantage for the current paying viewers of the public broadcasters.
micro_k010,public_broadcasting_fees_on_demand,a5,FALSE,pro,Nevertheless one has to point out that there'd probably be way fewer stations if it weren’t the whole of Germany that’s obliged to pay.
micro_k010,public_broadcasting_fees_on_demand,a6,FALSE,pro,"That shouldn't be an issue though, given the sheer number of programmes and stations that essentially show the same things anyway."
micro_k011,cap_rent_increases,a1,FALSE,pro,"Rent increases upon re-letting aren't bad as such, if it's only a small amount,"
micro_k011,cap_rent_increases,a2,FALSE,pro,"they’re very bad however, if the rent suddenly climbs by €100 or €200."
micro_k011,cap_rent_increases,a3,FALSE,pro,With those kinds of amounts you think twice about whether you really want to stay in the flat.
micro_k011,cap_rent_increases,a4,TRUE,pro,"If there must be rent increases, there should also be a cap to avoid nasty surprises."
micro_k011,cap_rent_increases,a5,FALSE,pro,"This helps the landlords,"
micro_k011,cap_rent_increases,a6,FALSE,pro,"as they can adjust their expenses through the increase,"
micro_k011,cap_rent_increases,a7,FALSE,pro,"and also the tenants,"
micro_k011,cap_rent_increases,a8,FALSE,pro,as they can plan for a maximum rent increase.
micro_k011,cap_rent_increases,a9,FALSE,pro,"That the landlords are then slightly restricted in the administration of their property is not a problem,"
micro_k011,cap_rent_increases,a10,FALSE,pro,as they have more pull in the end anyway.
micro_k012,charge_tuition_fees,a1,TRUE,con,German universities should on no account charge tuition fees.
micro_k012,charge_tuition_fees,a2,FALSE,con,This would simply mean that only those people with wealthy parents or a previous education and a part-time job while studying would be able to apply for a degree programme in the first place.
micro_k012,charge_tuition_fees,a3,FALSE,con,Even without tuition fees half of the student population has to work while studying and hence has less time for studying or recreation.
micro_k012,charge_tuition_fees,a4,FALSE,con,One could argue that an increase in tuition fees would allow institutions to be better equipped.
micro_k012,charge_tuition_fees,a5,FALSE,con,But what is the good of a wonderfully outfitted university if it doesn't actually allow the majority of clever people to broaden their horizons with all that great equipment?
micro_k013,allow_shops_to_open_on_holidays_and_sundays,a1,FALSE,con,Supermarket employees and people who work in shopping centres also have the right to a Sunday off work.
micro_k013,allow_shops_to_open_on_holidays_and_sundays,a2,FALSE,con,"Likewise public holidays should remain what they are: for some a day of introspection, for others a paid day off that is not taken away from the annual paid leave proper."
micro_k013,allow_shops_to_open_on_holidays_and_sundays,a3,TRUE,con,Hence it is good when shops are not open on Sundays and public holidays.
micro_k013,allow_shops_to_open_on_holidays_and_sundays,a4,FALSE,con,"People, however, who work during the week and on Saturdays then have a problem: everyone else can shop weekdays, but they can't."
micro_k013,allow_shops_to_open_on_holidays_and_sundays,a5,FALSE,con,"For those people the late opening hours, which meanwhile already extend to 12:00 midnight, present a good alternative."
micro_k014,stricter_regulation_of_intelligence_services,a1,TRUE,pro,"Intelligence services should be more closely regulated by parliament,"
micro_k014,stricter_regulation_of_intelligence_services,a2,FALSE,pro,"for, as the most recent NSA wiretapping scandal has shown, the federal state government is allegedly not always familiar with the scope of operations of its intelligence services."
micro_k014,stricter_regulation_of_intelligence_services,a3,FALSE,pro,Checks could contribute to restricting the so far rather opaque scope of action of individual services.
micro_k014,stricter_regulation_of_intelligence_services,a4,FALSE,pro,"Yet it remains questionable whether the actual implementation of such supervision would at the same time lead to a stronger observance of laws,"
micro_k014,stricter_regulation_of_intelligence_services,a5,FALSE,pro,as ultimately this decision is in the hands of the respective government leaders.
micro_k015,TXL_airport_remain_operational_after_BER_opening,a1,TRUE,unclear,"BER should be re-conceptualized from scratch,"
micro_k015,TXL_airport_remain_operational_after_BER_opening,a2,FALSE,unclear,even if billions of Euros have already been invested in the existing airport project
micro_k015,TXL_airport_remain_operational_after_BER_opening,a3,FALSE,unclear,and this would delay the date of completion indefinitely.
micro_k015,TXL_airport_remain_operational_after_BER_opening,a4,FALSE,unclear,Both the drawn-out building operations and the mounting safety issues show clear shortcomings in the entire planning.
micro_k016,EU_influence_on_political_events_in_Ukraine,a1,FALSE,con,"Despite the severe clashes in Kiev, which at times have threatened to escalate,"
micro_k016,EU_influence_on_political_events_in_Ukraine,a2,TRUE,con,the EU should not intervene in local politics.
micro_k016,EU_influence_on_political_events_in_Ukraine,a3,FALSE,con,"Although Ukraine is a European country,"
micro_k016,EU_influence_on_political_events_in_Ukraine,a4,FALSE,con,"and the Ukrainian opposition is primarily interested in installing a robust democracy,"
micro_k016,EU_influence_on_political_events_in_Ukraine,a5,FALSE,con,possible supporters face a considerably stronger opponent in the intervention of Russia in local politics.
micro_k017,keep_retirement_at_63,a1,TRUE,con,"The implementation of retirement at 63 is no longer socially sustainable,"
micro_k017,keep_retirement_at_63,a2,FALSE,con,"as the population in Germany has, viewed demographically, a disproportionate number of old people,"
micro_k017,keep_retirement_at_63,a3,FALSE,con,and constantly declining birth rates are being recorded.
micro_k017,keep_retirement_at_63,a4,FALSE,con,"Admittedly the number of immigrants is constantly rising in Germany,"
micro_k017,keep_retirement_at_63,a5,FALSE,con,"but without sufficient, well-qualified junior employees there is hardly a possibility for adequate pension financing."
micro_k018,allow_shops_to_open_on_holidays_and_sundays,a1,FALSE,con,Our society is in danger of overheating due to 'never clocking off'.
micro_k018,allow_shops_to_open_on_holidays_and_sundays,a2,FALSE,con,"Even though politicians stress the Christian character of our country,"
micro_k018,allow_shops_to_open_on_holidays_and_sundays,a3,FALSE,con,the last 20 years have seen the Sunday off work increasingly sacrificed to commerce.
micro_k018,allow_shops_to_open_on_holidays_and_sundays,a4,FALSE,con,"But after all, the purpose of having a day off is not just to make time to go to church."
micro_k018,allow_shops_to_open_on_holidays_and_sundays,a5,FALSE,con,Rather it should give people the chance to have a mental break.
micro_k018,allow_shops_to_open_on_holidays_and_sundays,a6,TRUE,con,That's why there ought to be one day a week when supermarkets and shopping centres stay closed.
micro_k019,public_broadcasting_fees_on_demand,a1,FALSE,con,The thought of television exclusively made up of private channels scares me.
micro_k019,public_broadcasting_fees_on_demand,a2,FALSE,con,Admittedly trash and turmoil are exactly what the majority of people want to see.
micro_k019,public_broadcasting_fees_on_demand,a3,FALSE,con,But to therefore offer TV according to audience rates only would be dangerous.
micro_k019,public_broadcasting_fees_on_demand,a4,FALSE,con,Only in public TV programmes can viewers get information that is not profit-oriented.
micro_k019,public_broadcasting_fees_on_demand,a5,FALSE,con,"And since it is the duty of society to collectively finance certain areas that cannot hold their own in a market economy,"
micro_k019,public_broadcasting_fees_on_demand,a6,TRUE,con,everyone should chip in.
micro_k020,introduce_capital_punishment,a1,FALSE,con,Despite the death penalty there are significantly more homicides in the US than in Germany.
micro_k020,introduce_capital_punishment,a2,FALSE,con,Fear of punishment hence does not deter murderers.
micro_k020,introduce_capital_punishment,a3,FALSE,con,'An eye for an eye' seems to miss the point.
micro_k020,introduce_capital_punishment,a4,TRUE,con,The state ought to prevent murder - not avenge it.
micro_k020,introduce_capital_punishment,a5,FALSE,con,A re-introduction of capital punishment in Germany would be a step back into the Middle Ages.
micro_k021,cap_rent_increases,a1,FALSE,pro,'Property entails commitment' is one of the tenets of our social order.
micro_k021,cap_rent_increases,a2,FALSE,pro,Everyone should be able to get the utmost profit from his or her property.
micro_k021,cap_rent_increases,a3,FALSE,pro,"A fixing of rent prices according to the market alone, however, will lead to a further division of society."
micro_k021,cap_rent_increases,a4,FALSE,pro,The rich and poor live in different neighbourhoods.
micro_k021,cap_rent_increases,a5,TRUE,pro,A constant increase in rent upon a change of tenants hence cannot be desired by society.
micro_k022,allow_shops_to_open_on_holidays_and_sundays,a1,TRUE,con,It is quite clear that Sunday should remain a day of rest.
micro_k022,allow_shops_to_open_on_holidays_and_sundays,a2,FALSE,con,"For you can go shopping 6 days a week,"
micro_k022,allow_shops_to_open_on_holidays_and_sundays,a3,FALSE,con,as shops are open till 10pm on some days.
micro_k022,allow_shops_to_open_on_holidays_and_sundays,a4,FALSE,con,"Thus Sundays should remain a day for getting together with family,"
micro_k022,allow_shops_to_open_on_holidays_and_sundays,a5,FALSE,con,otherwise there will be a new kind of leisure activity where people spend their time in supermarkets instead of outside or in conversation etc.
micro_k022,allow_shops_to_open_on_holidays_and_sundays,a6,FALSE,con,"Furthermore, there's no need to keep shops open on Sundays."
micro_k023,increase_weight_of_BA_thesis_in_final_grade,a1,TRUE,pro,"The BA dissertation should, if not make up the entire grade, then at least constitute a larger share of it."
micro_k023,increase_weight_of_BA_thesis_in_final_grade,a2,FALSE,pro,"For a good overall grade opens many doors,"
micro_k023,increase_weight_of_BA_thesis_in_final_grade,a3,FALSE,pro,but is not of top priority for employers.
micro_k023,increase_weight_of_BA_thesis_in_final_grade,a4,FALSE,pro,"With a BA dissertation one can, however, demonstrate interests and subject matter expertise particularly well."
micro_k023,increase_weight_of_BA_thesis_in_final_grade,a5,FALSE,pro,After all one doesn't excel in every subject.
micro_k024,higher_dog_poo_fines,a1,TRUE,pro,"Dog owners should pay higher fines for dog dirt left on pavements,"
micro_k024,higher_dog_poo_fines,a2,FALSE,pro,although there aren't enough bins and bag-dispensers for dog dirt.
micro_k024,higher_dog_poo_fines,a3,FALSE,pro,One reason for this is that they have thus far hardly had to fear the consequences despite the obligation to clean up.
micro_k024,higher_dog_poo_fines,a4,FALSE,pro,"A higher fine, so dog owners would have to dig deeper into their pockets, is supposed to be a deterrent after all."
micro_k024,higher_dog_poo_fines,a5,FALSE,pro,"The city, especially the green spaces, should be kept tidy after all,"
micro_k024,higher_dog_poo_fines,a6,FALSE,pro,for they are there for our recreation.
micro_k024,higher_dog_poo_fines,a7,FALSE,pro,Besides you're not allowed to leave other rubbish without punishment.
micro_k025,introduce_capital_punishment,a1,FALSE,pro,"Capital punishment is not a solution,"
micro_k025,introduce_capital_punishment,a2,FALSE,pro,as it cannot be ruled out that the judicial process may make mistakes.
micro_k025,introduce_capital_punishment,a3,FALSE,pro,"Criminals should not be put in luxury prisons, though."
micro_k025,introduce_capital_punishment,a4,FALSE,pro,"After all there are criminals who enjoy 'living' in prison for its decent board, no taxes to be paid, no stress with work."
micro_k025,introduce_capital_punishment,a5,TRUE,pro,"Still, the state needs the death penalty as a deterrent to horrific crimes."
micro_k027,public_broadcasting_fees_on_demand,a1,TRUE,pro,The TV license fee should only be collected from those who actually make use of the programming of the public broadcasters.
micro_k027,public_broadcasting_fees_on_demand,a2,FALSE,pro,After all there are many people in Germany who pay the fee although they merely use a computer to work.
micro_k027,public_broadcasting_fees_on_demand,a3,FALSE,pro,"Yet the fees are demanded from everybody who does not apply for a waiver, no matter how many receiver devices actually exist in the household and how they are being used."
micro_k027,public_broadcasting_fees_on_demand,a4,FALSE,pro,However it is obvious that the license fee officers are not in a position to check the usage of every single device.
micro_k029,over_the_counter_morning_after_pill,a1,TRUE,con,No one should have the possibility to pick up the morning-after pill over the counter at the pharmacy.
micro_k029,over_the_counter_morning_after_pill,a2,FALSE,con,"Though there'd be the advantage of forgoing the embarrassment of a visit to the doctor or a nighttime trip to the walk-in clinic,"
micro_k029,over_the_counter_morning_after_pill,a3,FALSE,con,women should still be informed about the risks and have a gynaecological examination before taking it.
micro_k029,over_the_counter_morning_after_pill,a4,FALSE,con,Furthermore there's the risk that women could use the over-the-counter morning-after pill as a substitute for contraception.
micro_k031,higher_dog_poo_fines,a1,FALSE,pro,Pieces of dog poo on the pavements are a real danger.
micro_k031,higher_dog_poo_fines,a2,FALSE,pro,Time and again children or the elderly slip on them.
micro_k031,higher_dog_poo_fines,a3,FALSE,pro,"A fine for leaving dog waste behind admittedly seems rather authoritarian,"
micro_k031,higher_dog_poo_fines,a4,FALSE,pro,"but similar rules are often in place for bicycles on park paths, after all."
micro_k031,higher_dog_poo_fines,a5,TRUE,pro,Increasing penalties is therefore the right way.
micro_k031,higher_dog_poo_fines,a6,FALSE,pro,A dog dirt-free city will be more attractive not only for its residents but also for tourists!
