topic,arg_A,arg_B,text_A,text_B,type_A,type_B,s2_score
EU_influence_on_political_events_in_Ukraine,a1,a6,The EU should exert influence on the political events in Ukraine.,the EU should intervene right away.,claim,claim,0.3536
EU_influence_on_political_events_in_Ukraine,a6,a2,the EU should intervene right away.,the EU should not intervene in local politics.,claim,claim,0.3414
EU_influence_on_political_events_in_Ukraine,a1,a2,The EU should exert influence on the political events in Ukraine.,the EU should not intervene in local politics.,claim,claim,0.2945
MISSING_TOPIC,a1,a1,Peter should close his snack bar as soon as possible.,I think Fritz has never been in a fight in his life.,claim,claim,0.4356
MISSING_TOPIC,a1,a3,"You should watch less television,",Hence the Mayor of Berlin ought to keep the hurdles for organizing such events as low as possible.,claim,claim,0.3983
MISSING_TOPIC,a2,a3,That's why everyone should have an anti-virus programme on his or her Windows machine.,That's why we should not allow any additional bank rescues.,claim,claim,0.3961
MISSING_TOPIC,a1,a1,Today I will delete my Facebook account.,I think Fritz has never been in a fight in his life.,claim,claim,0.3762
MISSING_TOPIC,a2,a3,We urgently need a midfield replacement for the coming match.,That's why we should not allow any additional bank rescues.,claim,claim,0.3755
MISSING_TOPIC,a1,a3,It was clearly a mistake to include Tom in our football team.,We should thus all limit our consumption of meat rigorously.,claim,claim,0.3745
MISSING_TOPIC,a1,a1,Berlin's basketball team has just come out of a sobering season.,It was clearly a mistake to include Tom in our football team.,claim,claim,0.3704
MISSING_TOPIC,a1,a3,It was clearly a mistake to include Tom in our football team.,Thus one of his ex-girlfriends must have been there.,claim,claim,0.3649
MISSING_TOPIC,a1,a1,Freddy and I must be siblings.,It was clearly a mistake to include Tom in our football team.,claim,claim,0.3616
MISSING_TOPIC,a1,a1,We should go to the Baltic Sea on the weekend.,Tomorrow I will skydive for the first time in my life.,claim,claim,0.3584
MISSING_TOPIC,a3,a1,That's why we should not allow any additional bank rescues.,The prototype of Audi's new sports car has car lovers raving.,claim,claim,0.3571
MISSING_TOPIC,a1,a1,We should go to the Baltic Sea on the weekend.,I think Fritz has never been in a fight in his life.,claim,claim,0.3553
MISSING_TOPIC,a3,a3,That's why we should not allow any additional bank rescues.,"That's why they should be taken off the market,",claim,claim,0.3542
MISSING_TOPIC,a1,a3,We should go to the Baltic Sea on the weekend.,We should thus all limit our consumption of meat rigorously.,claim,claim,0.3513
MISSING_TOPIC,a2,a1,That's why everyone should have an anti-virus programme on his or her Windows machine.,Today I will delete my Facebook account.,claim,claim,0.3486
MISSING_TOPIC,a1,a1,Freddy and I must be siblings.,Berlin's basketball team has just come out of a sobering season.,claim,claim,0.3446
MISSING_TOPIC,a1,a1,Today I will delete my Facebook account.,Tomorrow I will skydive for the first time in my life.,claim,claim,0.3409
MISSING_TOPIC,a1,a3,Peter should close his snack bar as soon as possible.,Hence the Mayor of Berlin ought to keep the hurdles for organizing such events as low as possible.,claim,claim,0.3387
MISSING_TOPIC,a3,a3,"This is why we need more police presence in public transport,",That's why we should not allow any additional bank rescues.,claim,claim,0.3385
MISSING_TOPIC,a1,a3,"You should watch less television,",Thus one of his ex-girlfriends must have been there.,claim,claim,0.3313
MISSING_TOPIC,a1,a3,It was clearly a mistake to include Tom in our football team.,"Nevertheless the head of government, Merkel, had better restrain herself in announcing handouts this year.",claim,claim,0.3299
MISSING_TOPIC,a1,a1,Berlin's basketball team has just come out of a sobering season.,The prototype of Audi's new sports car has car lovers raving.,claim,claim,0.3288
MISSING_TOPIC,a2,a3,That's why everyone should have an anti-virus programme on his or her Windows machine.,"That's why they should be taken off the market,",claim,claim,0.3285
MISSING_TOPIC,a2,a1,That's why everyone should have an anti-virus programme on his or her Windows machine.,The current tour of Tokio Hotel is breaking all records.,claim,claim,0.3283
MISSING_TOPIC,a1,a3,Peter should close his snack bar as soon as possible.,That's why we should not allow any additional bank rescues.,claim,claim,0.3242
MISSING_TOPIC,a1,a1,It was clearly a mistake to include Tom in our football team.,We should go to the Baltic Sea on the weekend.,claim,claim,0.3216
MISSING_TOPIC,a3,a3,Thus one of his ex-girlfriends must have been there.,Hence the Mayor of Berlin ought to keep the hurdles for organizing such events as low as possible.,claim,claim,0.3176
MISSING_TOPIC,a1,a2,It was clearly a mistake to include Tom in our football team.,We urgently need a midfield replacement for the coming match.,claim,claim,0.3132
MISSING_TOPIC,a1,a3,I think Fritz has never been in a fight in his life.,"Nevertheless the head of government, Merkel, had better restrain herself in announcing handouts this year.",claim,claim,0.3121
MISSING_TOPIC,a3,a3,Thus one of his ex-girlfriends must have been there.,"That's why they should be taken off the market,",claim,claim,0.31
MISSING_TOPIC,a1,a3,I can only recommend the new smartphone XYZ-123 to everyone.,We should thus all limit our consumption of meat rigorously.,claim,claim,0.3039
MISSING_TOPIC,a1,a3,Peter should close his snack bar as soon as possible.,"Nevertheless the head of government, Merkel, had better restrain herself in announcing handouts this year.",claim,claim,0.3031
MISSING_TOPIC,a2,a3,That's why everyone should have an anti-virus programme on his or her Windows machine.,Hence the Mayor of Berlin ought to keep the hurdles for organizing such events as low as possible.,claim,claim,0.3015
MISSING_TOPIC,a3,a3,"This is why we need more police presence in public transport,",Hence the Mayor of Berlin ought to keep the hurdles for organizing such events as low as possible.,claim,claim,0.3012
MISSING_TOPIC,a1,a1,Berlin's basketball team has just come out of a sobering season.,Peter should close his snack bar as soon as possible.,claim,claim,0.3005
MISSING_TOPIC,a1,a1,Today I will delete my Facebook account.,I can only recommend the new smartphone XYZ-123 to everyone.,claim,claim,0.2994
MISSING_TOPIC,a1,a2,Today I will delete my Facebook account.,We urgently need a midfield replacement for the coming match.,claim,claim,0.2961
MISSING_TOPIC,a1,a1,It was clearly a mistake to include Tom in our football team.,The current tour of Tokio Hotel is breaking all records.,claim,claim,0.2955
MISSING_TOPIC,a1,a3,I can only recommend the new smartphone XYZ-123 to everyone.,That's why we should not allow any additional bank rescues.,claim,claim,0.2955
MISSING_TOPIC,a3,a3,We should thus all limit our consumption of meat rigorously.,"That's why they should be taken off the market,",claim,claim,0.2947
MISSING_TOPIC,a1,a1,Peter should close his snack bar as soon as possible.,We should go to the Baltic Sea on the weekend.,claim,claim,0.2946
MISSING_TOPIC,a3,a3,"Nevertheless the head of government, Merkel, had better restrain herself in announcing handouts this year.",That's why we should not allow any additional bank rescues.,claim,claim,0.2902
MISSING_TOPIC,a1,a1,Today I will delete my Facebook account.,We should go to the Baltic Sea on the weekend.,claim,claim,0.2886
MISSING_TOPIC,a2,a1,That's why everyone should have an anti-virus programme on his or her Windows machine.,The prototype of Audi's new sports car has car lovers raving.,claim,claim,0.2849
MISSING_TOPIC,a1,a1,Peter should close his snack bar as soon as possible.,I can only recommend the new smartphone XYZ-123 to everyone.,claim,claim,0.2845
MISSING_TOPIC,a1,a1,Freddy and I must be siblings.,I think Fritz has never been in a fight in his life.,claim,claim,0.2837
MISSING_TOPIC,a1,a1,The current tour of Tokio Hotel is breaking all records.,We should go to the Baltic Sea on the weekend.,claim,claim,0.2818
MISSING_TOPIC,a2,a1,That's why everyone should have an anti-virus programme on his or her Windows machine.,We should go to the Baltic Sea on the weekend.,claim,claim,0.2816
MISSING_TOPIC,a3,a3,Thus one of his ex-girlfriends must have been there.,"Nevertheless the head of government, Merkel, had better restrain herself in announcing handouts this year.",claim,claim,0.2801
MISSING_TOPIC,a2,a3,That's why everyone should have an anti-virus programme on his or her Windows machine.,"This is why we need more police presence in public transport,",claim,claim,0.2781
MISSING_TOPIC,a2,a3,That's why everyone should have an anti-virus programme on his or her Windows machine.,We should thus all limit our consumption of meat rigorously.,claim,claim,0.2725
MISSING_TOPIC,a3,a3,"This is why we need more police presence in public transport,","That's why they should be taken off the market,",claim,claim,0.2715
MISSING_TOPIC,a1,a1,The current tour of Tokio Hotel is breaking all records.,The prototype of Audi's new sports car has car lovers raving.,claim,claim,0.2707
MISSING_TOPIC,a3,a1,"This is why we need more police presence in public transport,",The prototype of Audi's new sports car has car lovers raving.,claim,claim,0.2703
MISSING_TOPIC,a1,a3,The prototype of Audi's new sports car has car lovers raving.,Hence the Mayor of Berlin ought to keep the hurdles for organizing such events as low as possible.,claim,claim,0.2698
MISSING_TOPIC,a1,a1,Freddy and I must be siblings.,Peter should close his snack bar as soon as possible.,claim,claim,0.2683
MISSING_TOPIC,a1,a3,"You should watch less television,","This is why we need more police presence in public transport,",claim,claim,0.2682
MISSING_TOPIC,a1,a1,I think Fritz has never been in a fight in his life.,The prototype of Audi's new sports car has car lovers raving.,claim,claim,0.2679
MISSING_TOPIC,a3,a3,That's why we should not allow any additional bank rescues.,Hence the Mayor of Berlin ought to keep the hurdles for organizing such events as low as possible.,claim,claim,0.2672
MISSING_TOPIC,a1,a1,It was clearly a mistake to include Tom in our football team.,Today I will delete my Facebook account.,claim,claim,0.2658
MISSING_TOPIC,a1,a3,I can only recommend the new smartphone XYZ-123 to everyone.,"That's why they should be taken off the market,",claim,claim,0.2654
MISSING_TOPIC,a2,a1,That's why everyone should have an anti-virus programme on his or her Windows machine.,"You should watch less television,",claim,claim,0.2651
MISSING_TOPIC,a1,a3,Berlin's basketball team has just come out of a sobering season.,Hence the Mayor of Berlin ought to keep the hurdles for organizing such events as low as possible.,claim,claim,0.2644
MISSING_TOPIC,a3,a3,Thus one of his ex-girlfriends must have been there.,We should thus all limit our consumption of meat rigorously.,claim,claim,0.2633
MISSING_TOPIC,a3,a3,"Nevertheless the head of government, Merkel, had better restrain herself in announcing handouts this year.",Hence the Mayor of Berlin ought to keep the hurdles for organizing such events as low as possible.,claim,claim,0.2584
MISSING_TOPIC,a1,a2,Freddy and I must be siblings.,That's why everyone should have an anti-virus programme on his or her Windows machine.,claim,claim,0.255
MISSING_TOPIC,a1,a1,It was clearly a mistake to include Tom in our football team.,Peter should close his snack bar as soon as possible.,claim,claim,0.2545
MISSING_TOPIC,a1,a1,We should go to the Baltic Sea on the weekend.,The prototype of Audi's new sports car has car lovers raving.,claim,claim,0.2545
MISSING_TOPIC,a1,a3,Freddy and I must be siblings.,"Nevertheless the head of government, Merkel, had better restrain herself in announcing handouts this year.",claim,claim,0.2536
MISSING_TOPIC,a3,a2,Thus one of his ex-girlfriends must have been there.,We urgently need a midfield replacement for the coming match.,claim,claim,0.2534
MISSING_TOPIC,a1,a3,I can only recommend the new smartphone XYZ-123 to everyone.,"This is why we need more police presence in public transport,",claim,claim,0.2531
MISSING_TOPIC,a1,a3,"You should watch less television,",That's why we should not allow any additional bank rescues.,claim,claim,0.2506
MISSING_TOPIC,a1,a3,We should go to the Baltic Sea on the weekend.,"That's why they should be taken off the market,",claim,claim,0.2496
MISSING_TOPIC,a1,a1,Peter should close his snack bar as soon as possible.,The prototype of Audi's new sports car has car lovers raving.,claim,claim,0.2474
MISSING_TOPIC,a2,a1,That's why everyone should have an anti-virus programme on his or her Windows machine.,I can only recommend the new smartphone XYZ-123 to everyone.,claim,claim,0.2467
MISSING_TOPIC,a1,a1,In a few decades our society will have a disproportionate number of old people:,The prototype of Audi's new sports car has car lovers raving.,claim,claim,0.2465
MISSING_TOPIC,a3,a2,"This is why we need more police presence in public transport,",We urgently need a midfield replacement for the coming match.,claim,claim,0.2458
MISSING_TOPIC,a1,a2,It was clearly a mistake to include Tom in our football team.,That's why everyone should have an anti-virus programme on his or her Windows machine.,claim,claim,0.2449
MISSING_TOPIC,a1,a3,The prototype of Audi's new sports car has car lovers raving.,"That's why they should be taken off the market,",claim,claim,0.2439
MISSING_TOPIC,a1,a1,Freddy and I must be siblings.,I can only recommend the new smartphone XYZ-123 to everyone.,claim,claim,0.2418
MISSING_TOPIC,a1,a1,It was clearly a mistake to include Tom in our football team.,I think Fritz has never been in a fight in his life.,claim,claim,0.2411
MISSING_TOPIC,a1,a1,Berlin's basketball team has just come out of a sobering season.,I think Fritz has never been in a fight in his life.,claim,claim,0.2393
MISSING_TOPIC,a3,a3,We should thus all limit our consumption of meat rigorously.,That's why we should not allow any additional bank rescues.,claim,claim,0.2389
MISSING_TOPIC,a1,a3,I think Fritz has never been in a fight in his life.,Hence the Mayor of Berlin ought to keep the hurdles for organizing such events as low as possible.,claim,claim,0.2387
MISSING_TOPIC,a1,a1,Freddy and I must be siblings.,Today I will delete my Facebook account.,claim,claim,0.2386
MISSING_TOPIC,a3,a2,We should thus all limit our consumption of meat rigorously.,We urgently need a midfield replacement for the coming match.,claim,claim,0.2386
MISSING_TOPIC,a1,a2,Peter should close his snack bar as soon as possible.,We urgently need a midfield replacement for the coming match.,claim,claim,0.2372
MISSING_TOPIC,a2,a1,We urgently need a midfield replacement for the coming match.,The prototype of Audi's new sports car has car lovers raving.,claim,claim,0.237
MISSING_TOPIC,a2,a3,That's why everyone should have an anti-virus programme on his or her Windows machine.,"Nevertheless the head of government, Merkel, had better restrain herself in announcing handouts this year.",claim,claim,0.2368
MISSING_TOPIC,a1,a1,Freddy and I must be siblings.,The current tour of Tokio Hotel is breaking all records.,claim,claim,0.2352
MISSING_TOPIC,a1,a1,Peter should close his snack bar as soon as possible.,The current tour of Tokio Hotel is breaking all records.,claim,claim,0.2334
MISSING_TOPIC,a3,a1,you should buy IBM shares if you want to invest.,The prototype of Audi's new sports car has car lovers raving.,claim,claim,0.2334
MISSING_TOPIC,a1,a1,Freddy and I must be siblings.,We should go to the Baltic Sea on the weekend.,claim,claim,0.2323
MISSING_TOPIC,a3,a3,"This is why we need more police presence in public transport,","Nevertheless the head of government, Merkel, had better restrain herself in announcing handouts this year.",claim,claim,0.2321
MISSING_TOPIC,a1,a1,"You should watch less television,",The prototype of Audi's new sports car has car lovers raving.,claim,claim,0.2308
MISSING_TOPIC,a1,a1,Berlin's basketball team has just come out of a sobering season.,We should go to the Baltic Sea on the weekend.,claim,claim,0.2287
MISSING_TOPIC,a3,a1,you should buy IBM shares if you want to invest.,"You should watch less television,",claim,claim,0.2284
MISSING_TOPIC,a1,a3,Berlin's basketball team has just come out of a sobering season.,you should buy IBM shares if you want to invest.,claim,claim,0.2256
MISSING_TOPIC,a1,a1,The current tour of Tokio Hotel is breaking all records.,I think Fritz has never been in a fight in his life.,claim,claim,0.2246
MISSING_TOPIC,a1,a1,It was clearly a mistake to include Tom in our football team.,I can only recommend the new smartphone XYZ-123 to everyone.,claim,claim,0.2243
MISSING_TOPIC,a1,a1,We should go to the Baltic Sea on the weekend.,I can only recommend the new smartphone XYZ-123 to everyone.,claim,claim,0.2243
MISSING_TOPIC,a1,a3,In a few decades our society will have a disproportionate number of old people:,"This is why we need more police presence in public transport,",claim,claim,0.223
MISSING_TOPIC,a3,a3,you should buy IBM shares if you want to invest.,Hence the Mayor of Berlin ought to keep the hurdles for organizing such events as low as possible.,claim,claim,0.2225
MISSING_TOPIC,a3,a3,"That's why they should be taken off the market,",Hence the Mayor of Berlin ought to keep the hurdles for organizing such events as low as possible.,claim,claim,0.2219
MISSING_TOPIC,a1,a3,Freddy and I must be siblings.,"That's why they should be taken off the market,",claim,claim,0.2217
MISSING_TOPIC,a1,a1,I can only recommend the new smartphone XYZ-123 to everyone.,The prototype of Audi's new sports car has car lovers raving.,claim,claim,0.2213
MISSING_TOPIC,a2,a1,That's why everyone should have an anti-virus programme on his or her Windows machine.,In a few decades our society will have a disproportionate number of old people:,claim,claim,0.2208
MISSING_TOPIC,a1,a1,I think Fritz has never been in a fight in his life.,Tomorrow I will skydive for the first time in my life.,claim,claim,0.2207
MISSING_TOPIC,a1,a3,The current tour of Tokio Hotel is breaking all records.,"That's why they should be taken off the market,",claim,claim,0.2206
MISSING_TOPIC,a1,a3,It was clearly a mistake to include Tom in our football team.,"This is why we need more police presence in public transport,",claim,claim,0.2194
MISSING_TOPIC,a3,a1,"That's why they should be taken off the market,",Tomorrow I will skydive for the first time in my life.,claim,claim,0.2174
MISSING_TOPIC,a1,a1,It was clearly a mistake to include Tom in our football team.,In a few decades our society will have a disproportionate number of old people:,claim,claim,0.2164
MISSING_TOPIC,a1,a1,The current tour of Tokio Hotel is breaking all records.,"You should watch less television,",claim,claim,0.2157
MISSING_TOPIC,a1,a1,Freddy and I must be siblings.,The prototype of Audi's new sports car has car lovers raving.,claim,claim,0.2133
MISSING_TOPIC,a1,a2,Freddy and I must be siblings.,We urgently need a midfield replacement for the coming match.,claim,claim,0.2126
MISSING_TOPIC,a1,a1,Today I will delete my Facebook account.,The current tour of Tokio Hotel is breaking all records.,claim,claim,0.212
MISSING_TOPIC,a1,a3,The current tour of Tokio Hotel is breaking all records.,"Nevertheless the head of government, Merkel, had better restrain herself in announcing handouts this year.",claim,claim,0.2119
MISSING_TOPIC,a1,a2,Berlin's basketball team has just come out of a sobering season.,That's why everyone should have an anti-virus programme on his or her Windows machine.,claim,claim,0.21
MISSING_TOPIC,a1,a1,It was clearly a mistake to include Tom in our football team.,The prototype of Audi's new sports car has car lovers raving.,claim,claim,0.2091
MISSING_TOPIC,a1,a3,Freddy and I must be siblings.,That's why we should not allow any additional bank rescues.,claim,claim,0.209
MISSING_TOPIC,a2,a3,That's why everyone should have an anti-virus programme on his or her Windows machine.,you should buy IBM shares if you want to invest.,claim,claim,0.2084
MISSING_TOPIC,a1,a1,Peter should close his snack bar as soon as possible.,"You should watch less television,",claim,claim,0.2059
MISSING_TOPIC,a1,a1,Berlin's basketball team has just come out of a sobering season.,The current tour of Tokio Hotel is breaking all records.,claim,claim,0.2048
MISSING_TOPIC,a3,a3,Thus one of his ex-girlfriends must have been there.,That's why we should not allow any additional bank rescues.,claim,claim,0.2038
MISSING_TOPIC,a1,a2,I think Fritz has never been in a fight in his life.,We urgently need a midfield replacement for the coming match.,claim,claim,0.2035
MISSING_TOPIC,a1,a3,Today I will delete my Facebook account.,"That's why they should be taken off the market,",claim,claim,0.203
MISSING_TOPIC,a2,a1,That's why everyone should have an anti-virus programme on his or her Windows machine.,Peter should close his snack bar as soon as possible.,claim,claim,0.2008
MISSING_TOPIC,a1,a3,Peter should close his snack bar as soon as possible.,We should thus all limit our consumption of meat rigorously.,claim,claim,0.2002
MISSING_TOPIC,a2,a1,That's why everyone should have an anti-virus programme on his or her Windows machine.,I think Fritz has never been in a fight in his life.,claim,claim,0.1999
MISSING_TOPIC,a1,a3,Today I will delete my Facebook account.,We should thus all limit our consumption of meat rigorously.,claim,claim,0.198
MISSING_TOPIC,a3,a1,That's why we should not allow any additional bank rescues.,Tomorrow I will skydive for the first time in my life.,claim,claim,0.1977
MISSING_TOPIC,a1,a3,The current tour of Tokio Hotel is breaking all records.,We should thus all limit our consumption of meat rigorously.,claim,claim,0.1962
MISSING_TOPIC,a1,a3,It was clearly a mistake to include Tom in our football team.,"That's why they should be taken off the market,",claim,claim,0.1951
MISSING_TOPIC,a1,a3,I can only recommend the new smartphone XYZ-123 to everyone.,Thus one of his ex-girlfriends must have been there.,claim,claim,0.195
MISSING_TOPIC,a1,a3,It was clearly a mistake to include Tom in our football team.,Hence the Mayor of Berlin ought to keep the hurdles for organizing such events as low as possible.,claim,claim,0.1939
MISSING_TOPIC,a1,a1,Berlin's basketball team has just come out of a sobering season.,I can only recommend the new smartphone XYZ-123 to everyone.,claim,claim,0.1935
MISSING_TOPIC,a1,a2,Berlin's basketball team has just come out of a sobering season.,We urgently need a midfield replacement for the coming match.,claim,claim,0.1933
MISSING_TOPIC,a3,a1,Thus one of his ex-girlfriends must have been there.,I think Fritz has never been in a fight in his life.,claim,claim,0.1924
MISSING_TOPIC,a1,a2,The current tour of Tokio Hotel is breaking all records.,We urgently need a midfield replacement for the coming match.,claim,claim,0.1911
MISSING_TOPIC,a3,a1,Thus one of his ex-girlfriends must have been there.,The prototype of Audi's new sports car has car lovers raving.,claim,claim,0.1908
MISSING_TOPIC,a2,a3,That's why everyone should have an anti-virus programme on his or her Windows machine.,Thus one of his ex-girlfriends must have been there.,claim,claim,0.1886
MISSING_TOPIC,a3,a3,Thus one of his ex-girlfriends must have been there.,"This is why we need more police presence in public transport,",claim,claim,0.1875
MISSING_TOPIC,a1,a1,Berlin's basketball team has just come out of a sobering season.,Today I will delete my Facebook account.,claim,claim,0.1868
MISSING_TOPIC,a1,a3,Berlin's basketball team has just come out of a sobering season.,That's why we should not allow any additional bank rescues.,claim,claim,0.1862
MISSING_TOPIC,a1,a3,"You should watch less television,","That's why they should be taken off the market,",claim,claim,0.1862
MISSING_TOPIC,a2,a3,We urgently need a midfield replacement for the coming match.,Hence the Mayor of Berlin ought to keep the hurdles for organizing such events as low as possible.,claim,claim,0.1839
MISSING_TOPIC,a3,a1,We should thus all limit our consumption of meat rigorously.,The prototype of Audi's new sports car has car lovers raving.,claim,claim,0.1822
MISSING_TOPIC,a3,a3,you should buy IBM shares if you want to invest.,"This is why we need more police presence in public transport,",claim,claim,0.1821
MISSING_TOPIC,a1,a3,Berlin's basketball team has just come out of a sobering season.,"Nevertheless the head of government, Merkel, had better restrain herself in announcing handouts this year.",claim,claim,0.1812
MISSING_TOPIC,a1,a1,I can only recommend the new smartphone XYZ-123 to everyone.,Tomorrow I will skydive for the first time in my life.,claim,claim,0.1805
MISSING_TOPIC,a1,a1,Today I will delete my Facebook account.,In a few decades our society will have a disproportionate number of old people:,claim,claim,0.1798
MISSING_TOPIC,a3,a3,you should buy IBM shares if you want to invest.,"Nevertheless the head of government, Merkel, had better restrain herself in announcing handouts this year.",claim,claim,0.1792
MISSING_TOPIC,a1,a3,"You should watch less television,","Nevertheless the head of government, Merkel, had better restrain herself in announcing handouts this year.",claim,claim,0.1779
MISSING_TOPIC,a1,a3,Berlin's basketball team has just come out of a sobering season.,We should thus all limit our consumption of meat rigorously.,claim,claim,0.1778
MISSING_TOPIC,a3,a1,"Nevertheless the head of government, Merkel, had better restrain herself in announcing handouts this year.",The prototype of Audi's new sports car has car lovers raving.,claim,claim,0.1778
MISSING_TOPIC,a1,a3,I can only recommend the new smartphone XYZ-123 to everyone.,Hence the Mayor of Berlin ought to keep the hurdles for organizing such events as low as possible.,claim,claim,0.1744
MISSING_TOPIC,a1,a3,In a few decades our society will have a disproportionate number of old people:,We should thus all limit our consumption of meat rigorously.,claim,claim,0.1742
MISSING_TOPIC,a3,a3,We should thus all limit our consumption of meat rigorously.,Hence the Mayor of Berlin ought to keep the hurdles for organizing such events as low as possible.,claim,claim,0.1736
MISSING_TOPIC,a1,a3,Today I will delete my Facebook account.,That's why we should not allow any additional bank rescues.,claim,claim,0.1732
MISSING_TOPIC,a3,a1,you should buy IBM shares if you want to invest.,In a few decades our society will have a disproportionate number of old people:,claim,claim,0.1729
MISSING_TOPIC,a1,a3,In a few decades our society will have a disproportionate number of old people:,Hence the Mayor of Berlin ought to keep the hurdles for organizing such events as low as possible.,claim,claim,0.1718
MISSING_TOPIC,a1,a3,I can only recommend the new smartphone XYZ-123 to everyone.,"Nevertheless the head of government, Merkel, had better restrain herself in announcing handouts this year.",claim,claim,0.1717
MISSING_TOPIC,a3,a1,you should buy IBM shares if you want to invest.,I can only recommend the new smartphone XYZ-123 to everyone.,claim,claim,0.171
MISSING_TOPIC,a3,a1,you should buy IBM shares if you want to invest.,I think Fritz has never been in a fight in his life.,claim,claim,0.1703
MISSING_TOPIC,a1,a3,I think Fritz has never been in a fight in his life.,"That's why they should be taken off the market,",claim,claim,0.1698
MISSING_TOPIC,a1,a1,Peter should close his snack bar as soon as possible.,In a few decades our society will have a disproportionate number of old people:,claim,claim,0.168
MISSING_TOPIC,a1,a1,I can only recommend the new smartphone XYZ-123 to everyone.,I think Fritz has never been in a fight in his life.,claim,claim,0.1676
MISSING_TOPIC,a3,a3,"Nevertheless the head of government, Merkel, had better restrain herself in announcing handouts this year.",We should thus all limit our consumption of meat rigorously.,claim,claim,0.1675
MISSING_TOPIC,a3,a1,We should thus all limit our consumption of meat rigorously.,Tomorrow I will skydive for the first time in my life.,claim,claim,0.165
MISSING_TOPIC,a1,a3,Peter should close his snack bar as soon as possible.,you should buy IBM shares if you want to invest.,claim,claim,0.1644
MISSING_TOPIC,a1,a1,Today I will delete my Facebook account.,The prototype of Audi's new sports car has car lovers raving.,claim,claim,0.1641
MISSING_TOPIC,a1,a1,"You should watch less television,",In a few decades our society will have a disproportionate number of old people:,claim,claim,0.1636
MISSING_TOPIC,a1,a3,Freddy and I must be siblings.,you should buy IBM shares if you want to invest.,claim,claim,0.1632
MISSING_TOPIC,a1,a3,The current tour of Tokio Hotel is breaking all records.,you should buy IBM shares if you want to invest.,claim,claim,0.1623
MISSING_TOPIC,a1,a3,We should go to the Baltic Sea on the weekend.,Hence the Mayor of Berlin ought to keep the hurdles for organizing such events as low as possible.,claim,claim,0.1608
MISSING_TOPIC,a1,a1,Berlin's basketball team has just come out of a sobering season.,"You should watch less television,",claim,claim,0.1589
MISSING_TOPIC,a1,a3,We should go to the Baltic Sea on the weekend.,"Nevertheless the head of government, Merkel, had better restrain herself in announcing handouts this year.",claim,claim,0.1587
MISSING_TOPIC,a1,a3,In a few decades our society will have a disproportionate number of old people:,"Nevertheless the head of government, Merkel, had better restrain herself in announcing handouts this year.",claim,claim,0.1586
MISSING_TOPIC,a1,a1,In a few decades our society will have a disproportionate number of old people:,I can only recommend the new smartphone XYZ-123 to everyone.,claim,claim,0.158
MISSING_TOPIC,a1,a3,Today I will delete my Facebook account.,you should buy IBM shares if you want to invest.,claim,claim,0.1567
MISSING_TOPIC,a1,a1,The current tour of Tokio Hotel is breaking all records.,I can only recommend the new smartphone XYZ-123 to everyone.,claim,claim,0.1563
MISSING_TOPIC,a1,a3,Peter should close his snack bar as soon as possible.,Thus one of his ex-girlfriends must have been there.,claim,claim,0.156
MISSING_TOPIC,a1,a1,"You should watch less television,",I can only recommend the new smartphone XYZ-123 to everyone.,claim,claim,0.1556
MISSING_TOPIC,a1,a1,Today I will delete my Facebook account.,Peter should close his snack bar as soon as possible.,claim,claim,0.1555
MISSING_TOPIC,a2,a1,That's why everyone should have an anti-virus programme on his or her Windows machine.,Tomorrow I will skydive for the first time in my life.,claim,claim,0.1543
MISSING_TOPIC,a1,a3,Freddy and I must be siblings.,Thus one of his ex-girlfriends must have been there.,claim,claim,0.1538
MISSING_TOPIC,a1,a3,Freddy and I must be siblings.,Hence the Mayor of Berlin ought to keep the hurdles for organizing such events as low as possible.,claim,claim,0.1534
MISSING_TOPIC,a1,a3,Berlin's basketball team has just come out of a sobering season.,Thus one of his ex-girlfriends must have been there.,claim,claim,0.1524
MISSING_TOPIC,a1,a3,In a few decades our society will have a disproportionate number of old people:,That's why we should not allow any additional bank rescues.,claim,claim,0.1517
MISSING_TOPIC,a1,a3,I think Fritz has never been in a fight in his life.,"This is why we need more police presence in public transport,",claim,claim,0.1508
MISSING_TOPIC,a1,a3,We should go to the Baltic Sea on the weekend.,"This is why we need more police presence in public transport,",claim,claim,0.15
MISSING_TOPIC,a1,a1,Peter should close his snack bar as soon as possible.,Tomorrow I will skydive for the first time in my life.,claim,claim,0.1491
MISSING_TOPIC,a1,a3,Peter should close his snack bar as soon as possible.,"This is why we need more police presence in public transport,",claim,claim,0.1489
MISSING_TOPIC,a1,a2,I can only recommend the new smartphone XYZ-123 to everyone.,We urgently need a midfield replacement for the coming match.,claim,claim,0.1488
MISSING_TOPIC,a3,a3,you should buy IBM shares if you want to invest.,"That's why they should be taken off the market,",claim,claim,0.1487
MISSING_TOPIC,a1,a3,We should go to the Baltic Sea on the weekend.,That's why we should not allow any additional bank rescues.,claim,claim,0.148
MISSING_TOPIC,a1,a3,Freddy and I must be siblings.,"This is why we need more police presence in public transport,",claim,claim,0.1479
MISSING_TOPIC,a1,a3,Berlin's basketball team has just come out of a sobering season.,"That's why they should be taken off the market,",claim,claim,0.146
MISSING_TOPIC,a1,a1,In a few decades our society will have a disproportionate number of old people:,We should go to the Baltic Sea on the weekend.,claim,claim,0.1435
MISSING_TOPIC,a1,a1,"You should watch less television,",I think Fritz has never been in a fight in his life.,claim,claim,0.1434
MISSING_TOPIC,a1,a2,We should go to the Baltic Sea on the weekend.,We urgently need a midfield replacement for the coming match.,claim,claim,0.1427
MISSING_TOPIC,a1,a3,Peter should close his snack bar as soon as possible.,"That's why they should be taken off the market,",claim,claim,0.1411
MISSING_TOPIC,a1,a1,Freddy and I must be siblings.,"You should watch less television,",claim,claim,0.1408
MISSING_TOPIC,a3,a3,you should buy IBM shares if you want to invest.,Thus one of his ex-girlfriends must have been there.,claim,claim,0.1403
MISSING_TOPIC,a1,a3,I think Fritz has never been in a fight in his life.,That's why we should not allow any additional bank rescues.,claim,claim,0.1402
MISSING_TOPIC,a1,a2,"You should watch less television,",We urgently need a midfield replacement for the coming match.,claim,claim,0.1397
MISSING_TOPIC,a1,a3,The current tour of Tokio Hotel is breaking all records.,Hence the Mayor of Berlin ought to keep the hurdles for organizing such events as low as possible.,claim,claim,0.1388
MISSING_TOPIC,a1,a3,Today I will delete my Facebook account.,"Nevertheless the head of government, Merkel, had better restrain herself in announcing handouts this year.",claim,claim,0.1373
MISSING_TOPIC,a1,a3,It was clearly a mistake to include Tom in our football team.,That's why we should not allow any additional bank rescues.,claim,claim,0.1372
MISSING_TOPIC,a3,a3,"Nevertheless the head of government, Merkel, had better restrain herself in announcing handouts this year.","That's why they should be taken off the market,",claim,claim,0.1349
MISSING_TOPIC,a2,a3,We urgently need a midfield replacement for the coming match.,"That's why they should be taken off the market,",claim,claim,0.1348
MISSING_TOPIC,a1,a3,In a few decades our society will have a disproportionate number of old people:,"That's why they should be taken off the market,",claim,claim,0.1334
MISSING_TOPIC,a3,a3,"This is why we need more police presence in public transport,",We should thus all limit our consumption of meat rigorously.,claim,claim,0.1334
MISSING_TOPIC,a2,a2,That's why everyone should have an anti-virus programme on his or her Windows machine.,We urgently need a midfield replacement for the coming match.,claim,claim,0.1326
MISSING_TOPIC,a1,a3,Today I will delete my Facebook account.,Hence the Mayor of Berlin ought to keep the hurdles for organizing such events as low as possible.,claim,claim,0.1276
MISSING_TOPIC,a1,a3,Freddy and I must be siblings.,We should thus all limit our consumption of meat rigorously.,claim,claim,0.1242
MISSING_TOPIC,a1,a3,The current tour of Tokio Hotel is breaking all records.,Thus one of his ex-girlfriends must have been there.,claim,claim,0.1235
MISSING_TOPIC,a1,a3,I think Fritz has never been in a fight in his life.,We should thus all limit our consumption of meat rigorously.,claim,claim,0.1235
MISSING_TOPIC,a1,a3,The current tour of Tokio Hotel is breaking all records.,That's why we should not allow any additional bank rescues.,claim,claim,0.1206
MISSING_TOPIC,a1,a1,Berlin's basketball team has just come out of a sobering season.,In a few decades our society will have a disproportionate number of old people:,claim,claim,0.1197
MISSING_TOPIC,a1,a1,Freddy and I must be siblings.,In a few decades our society will have a disproportionate number of old people:,claim,claim,0.118
MISSING_TOPIC,a1,a1,Freddy and I must be siblings.,Tomorrow I will skydive for the first time in my life.,claim,claim,0.1179
MISSING_TOPIC,a3,a1,you should buy IBM shares if you want to invest.,We should go to the Baltic Sea on the weekend.,claim,claim,0.117
MISSING_TOPIC,a1,a1,Today I will delete my Facebook account.,"You should watch less television,",claim,claim,0.1128
MISSING_TOPIC,a1,a3,Berlin's basketball team has just come out of a sobering season.,"This is why we need more police presence in public transport,",claim,claim,0.1126
MISSING_TOPIC,a1,a2,In a few decades our society will have a disproportionate number of old people:,We urgently need a midfield replacement for the coming match.,claim,claim,0.111
MISSING_TOPIC,a3,a3,you should buy IBM shares if you want to invest.,That's why we should not allow any additional bank rescues.,claim,claim,0.1108
MISSING_TOPIC,a1,a3,We should go to the Baltic Sea on the weekend.,Thus one of his ex-girlfriends must have been there.,claim,claim,0.1107
MISSING_TOPIC,a2,a1,We urgently need a midfield replacement for the coming match.,Tomorrow I will skydive for the first time in my life.,claim,claim,0.1107
MISSING_TOPIC,a1,a1,It was clearly a mistake to include Tom in our football team.,"You should watch less television,",claim,claim,0.1079
MISSING_TOPIC,a1,a3,In a few decades our society will have a disproportionate number of old people:,Thus one of his ex-girlfriends must have been there.,claim,claim,0.1069
MISSING_TOPIC,a1,a1,Berlin's basketball team has just come out of a sobering season.,Tomorrow I will skydive for the first time in my life.,claim,claim,0.106
MISSING_TOPIC,a1,a1,In a few decades our society will have a disproportionate number of old people:,Tomorrow I will skydive for the first time in my life.,claim,claim,0.1049
MISSING_TOPIC,a1,a3,The current tour of Tokio Hotel is breaking all records.,"This is why we need more police presence in public transport,",claim,claim,0.1047
MISSING_TOPIC,a3,a2,"Nevertheless the head of government, Merkel, had better restrain herself in announcing handouts this year.",We urgently need a midfield replacement for the coming match.,claim,claim,0.1046
MISSING_TOPIC,a3,a2,you should buy IBM shares if you want to invest.,We urgently need a midfield replacement for the coming match.,claim,claim,0.1039
MISSING_TOPIC,a1,a1,The current tour of Tokio Hotel is breaking all records.,Tomorrow I will skydive for the first time in my life.,claim,claim,0.1025
MISSING_TOPIC,a1,a3,"You should watch less television,",We should thus all limit our consumption of meat rigorously.,claim,claim,0.0997
MISSING_TOPIC,a3,a3,you should buy IBM shares if you want to invest.,We should thus all limit our consumption of meat rigorously.,claim,claim,0.0993
MISSING_TOPIC,a1,a3,Today I will delete my Facebook account.,Thus one of his ex-girlfriends must have been there.,claim,claim,0.0983
MISSING_TOPIC,a1,a1,In a few decades our society will have a disproportionate number of old people:,I think Fritz has never been in a fight in his life.,claim,claim,0.0982
MISSING_TOPIC,a1,a1,The current tour of Tokio Hotel is breaking all records.,In a few decades our society will have a disproportionate number of old people:,claim,claim,0.0977
MISSING_TOPIC,a1,a1,"You should watch less television,",We should go to the Baltic Sea on the weekend.,claim,claim,0.0969
MISSING_TOPIC,a1,a3,It was clearly a mistake to include Tom in our football team.,you should buy IBM shares if you want to invest.,claim,claim,0.0915
MISSING_TOPIC,a1,a1,It was clearly a mistake to include Tom in our football team.,Tomorrow I will skydive for the first time in my life.,claim,claim,0.0862
MISSING_TOPIC,a1,a3,Today I will delete my Facebook account.,"This is why we need more police presence in public transport,",claim,claim,0.0847
MISSING_TOPIC,a3,a1,Thus one of his ex-girlfriends must have been there.,Tomorrow I will skydive for the first time in my life.,claim,claim,0.0817
MISSING_TOPIC,a1,a1,The prototype of Audi's new sports car has car lovers raving.,Tomorrow I will skydive for the first time in my life.,claim,claim,0.0773
MISSING_TOPIC,a3,a1,"This is why we need more police presence in public transport,",Tomorrow I will skydive for the first time in my life.,claim,claim,0.0751
MISSING_TOPIC,a3,a1,"Nevertheless the head of government, Merkel, had better restrain herself in announcing handouts this year.",Tomorrow I will skydive for the first time in my life.,claim,claim,0.0703
MISSING_TOPIC,a1,a1,"You should watch less television,",Tomorrow I will skydive for the first time in my life.,claim,claim,0.0675
MISSING_TOPIC,a3,a1,Hence the Mayor of Berlin ought to keep the hurdles for organizing such events as low as possible.,Tomorrow I will skydive for the first time in my life.,claim,claim,0.0615
MISSING_TOPIC,a3,a1,you should buy IBM shares if you want to invest.,Tomorrow I will skydive for the first time in my life.,claim,claim,0.0525
TXL_airport_remain_operational_after_BER_opening,a1,a6,As a central airport Berlin Tegel is particularly attractive for business travellers and should by all means remain operational.,"After the new BER Airport has been commissioned, Tegel should definitely be closed.",claim,claim,0.3495
TXL_airport_remain_operational_after_BER_opening,a6,a1,"After the new BER Airport has been commissioned, Tegel should definitely be closed.","BER should be re-conceptualized from scratch,",claim,claim,0.2148
TXL_airport_remain_operational_after_BER_opening,a1,a1,As a central airport Berlin Tegel is particularly attractive for business travellers and should by all means remain operational.,"BER should be re-conceptualized from scratch,",claim,claim,0.2105
allow_shops_to_open_on_holidays_and_sundays,a1,a1,Supermarkets and shopping centres should be allowed to open on any Sundays and holidays.,Supermarkets and shopping centres should be allowed to open any Sundays and holidays at their discretion.,claim,claim,0.9434
allow_shops_to_open_on_holidays_and_sundays,a6,a1,For these reasons supermarkets and shopping centres should not be allowed to be open for business on arbitrary Sundays and holidays.,Supermarkets and shopping centres should be allowed to open on any Sundays and holidays.,claim,claim,0.7398
allow_shops_to_open_on_holidays_and_sundays,a6,a1,For these reasons supermarkets and shopping centres should not be allowed to be open for business on arbitrary Sundays and holidays.,Supermarkets and shopping centres should be allowed to open any Sundays and holidays at their discretion.,claim,claim,0.7123
allow_shops_to_open_on_holidays_and_sundays,a5,a1,Opening on Sundays and holidays would therefore help both customers and shops.,Supermarkets and shopping centres should be allowed to open on any Sundays and holidays.,claim,claim,0.5807
allow_shops_to_open_on_holidays_and_sundays,a5,a1,Opening on Sundays and holidays would therefore help both customers and shops.,Supermarkets and shopping centres should be allowed to open any Sundays and holidays at their discretion.,claim,claim,0.5451
allow_shops_to_open_on_holidays_and_sundays,a6,a5,For these reasons supermarkets and shopping centres should not be allowed to be open for business on arbitrary Sundays and holidays.,Opening on Sundays and holidays would therefore help both customers and shops.,claim,claim,0.4362
allow_shops_to_open_on_holidays_and_sundays,a1,a6,Supermarkets and shopping centres should be allowed to open on any Sundays and holidays.,That's why there ought to be one day a week when supermarkets and shopping centres stay closed.,claim,claim,0.4075
allow_shops_to_open_on_holidays_and_sundays,a6,a6,For these reasons supermarkets and shopping centres should not be allowed to be open for business on arbitrary Sundays and holidays.,That's why there ought to be one day a week when supermarkets and shopping centres stay closed.,claim,claim,0.4014
allow_shops_to_open_on_holidays_and_sundays,a5,a1,Opening on Sundays and holidays would therefore help both customers and shops.,It is quite clear that Sunday should remain a day of rest.,claim,claim,0.4012
allow_shops_to_open_on_holidays_and_sundays,a5,a3,Opening on Sundays and holidays would therefore help both customers and shops.,Hence it is good when shops are not open on Sundays and public holidays.,claim,claim,0.3855
allow_shops_to_open_on_holidays_and_sundays,a1,a6,Supermarkets and shopping centres should be allowed to open any Sundays and holidays at their discretion.,That's why there ought to be one day a week when supermarkets and shopping centres stay closed.,claim,claim,0.3819
allow_shops_to_open_on_holidays_and_sundays,a1,a3,Supermarkets and shopping centres should be allowed to open on any Sundays and holidays.,Hence it is good when shops are not open on Sundays and public holidays.,claim,claim,0.3408
allow_shops_to_open_on_holidays_and_sundays,a6,a3,For these reasons supermarkets and shopping centres should not be allowed to be open for business on arbitrary Sundays and holidays.,Hence it is good when shops are not open on Sundays and public holidays.,claim,claim,0.3349
allow_shops_to_open_on_holidays_and_sundays,a1,a3,Supermarkets and shopping centres should be allowed to open any Sundays and holidays at their discretion.,Hence it is good when shops are not open on Sundays and public holidays.,claim,claim,0.3195
allow_shops_to_open_on_holidays_and_sundays,a3,a1,Hence it is good when shops are not open on Sundays and public holidays.,It is quite clear that Sunday should remain a day of rest.,claim,claim,0.3129
allow_shops_to_open_on_holidays_and_sundays,a1,a1,Supermarkets and shopping centres should be allowed to open on any Sundays and holidays.,It is quite clear that Sunday should remain a day of rest.,claim,claim,0.2971
allow_shops_to_open_on_holidays_and_sundays,a3,a6,Hence it is good when shops are not open on Sundays and public holidays.,That's why there ought to be one day a week when supermarkets and shopping centres stay closed.,claim,claim,0.2927
allow_shops_to_open_on_holidays_and_sundays,a6,a1,That's why there ought to be one day a week when supermarkets and shopping centres stay closed.,It is quite clear that Sunday should remain a day of rest.,claim,claim,0.2911
allow_shops_to_open_on_holidays_and_sundays,a1,a1,Supermarkets and shopping centres should be allowed to open any Sundays and holidays at their discretion.,It is quite clear that Sunday should remain a day of rest.,claim,claim,0.2765
allow_shops_to_open_on_holidays_and_sundays,a6,a1,For these reasons supermarkets and shopping centres should not be allowed to be open for business on arbitrary Sundays and holidays.,It is quite clear that Sunday should remain a day of rest.,claim,claim,0.2727
allow_shops_to_open_on_holidays_and_sundays,a1,a3,"Well, I as an employee find it very practical to be able to shop at least on weekends.",Hence it is good when shops are not open on Sundays and public holidays.,claim,claim,0.2621
allow_shops_to_open_on_holidays_and_sundays,a5,a6,Opening on Sundays and holidays would therefore help both customers and shops.,That's why there ought to be one day a week when supermarkets and shopping centres stay closed.,claim,claim,0.2561
allow_shops_to_open_on_holidays_and_sundays,a1,a1,"Well, I as an employee find it very practical to be able to shop at least on weekends.",It is quite clear that Sunday should remain a day of rest.,claim,claim,0.2224
allow_shops_to_open_on_holidays_and_sundays,a1,a5,"Well, I as an employee find it very practical to be able to shop at least on weekends.",Opening on Sundays and holidays would therefore help both customers and shops.,claim,claim,0.2151
allow_shops_to_open_on_holidays_and_sundays,a1,a6,"Well, I as an employee find it very practical to be able to shop at least on weekends.",That's why there ought to be one day a week when supermarkets and shopping centres stay closed.,claim,claim,0.1975
allow_shops_to_open_on_holidays_and_sundays,a1,a1,"Well, I as an employee find it very practical to be able to shop at least on weekends.",Supermarkets and shopping centres should be allowed to open on any Sundays and holidays.,claim,claim,0.1773
allow_shops_to_open_on_holidays_and_sundays,a1,a1,"Well, I as an employee find it very practical to be able to shop at least on weekends.",Supermarkets and shopping centres should be allowed to open any Sundays and holidays at their discretion.,claim,claim,0.1662
allow_shops_to_open_on_holidays_and_sundays,a1,a6,"Well, I as an employee find it very practical to be able to shop at least on weekends.",For these reasons supermarkets and shopping centres should not be allowed to be open for business on arbitrary Sundays and holidays.,claim,claim,0.1591
buy_tax_evader_data_from_dubious_sources,a6,a4,Tax data that are not made available for free should therefore not be acquired by the state.,Acquiring CDs with tax data of tax delinquents is therefore out of the question.,claim,claim,0.3038
cap_rent_increases,a5,a5,A cap on rent increases upon tenant change is therefore not to be supported.,A constant increase in rent upon a change of tenants hence cannot be desired by society.,claim,claim,0.4785
cap_rent_increases,a1,a5,A stop must be put to exorbitant rents by imposing a limit on rent increases when changing residences.,A cap on rent increases upon tenant change is therefore not to be supported.,claim,claim,0.4618
cap_rent_increases,a1,a5,A stop must be put to exorbitant rents by imposing a limit on rent increases when changing residences.,A constant increase in rent upon a change of tenants hence cannot be desired by society.,claim,claim,0.4534
cap_rent_increases,a5,a4,A cap on rent increases upon tenant change is therefore not to be supported.,"If there must be rent increases, there should also be a cap to avoid nasty surprises.",claim,claim,0.3621
cap_rent_increases,a1,a4,Rent prices should be limited by a cap when there's a change of tenant.,"If there must be rent increases, there should also be a cap to avoid nasty surprises.",claim,claim,0.3361
cap_rent_increases,a1,a5,Rent prices should be limited by a cap when there's a change of tenant.,A cap on rent increases upon tenant change is therefore not to be supported.,claim,claim,0.2976
cap_rent_increases,a1,a1,Rent prices should be limited by a cap when there's a change of tenant.,A stop must be put to exorbitant rents by imposing a limit on rent increases when changing residences.,claim,claim,0.2918
cap_rent_increases,a1,a5,It is unfair and unjustifiable that new tenants have to pay a much higher rent than previous residents.,A constant increase in rent upon a change of tenants hence cannot be desired by society.,claim,claim,0.2685
cap_rent_increases,a1,a5,It is unfair and unjustifiable that new tenants have to pay a much higher rent than previous residents.,A cap on rent increases upon tenant change is therefore not to be supported.,claim,claim,0.2498
cap_rent_increases,a1,a5,Rent prices should be limited by a cap when there's a change of tenant.,A constant increase in rent upon a change of tenants hence cannot be desired by society.,claim,claim,0.2475
cap_rent_increases,a4,a5,"If there must be rent increases, there should also be a cap to avoid nasty surprises.",A constant increase in rent upon a change of tenants hence cannot be desired by society.,claim,claim,0.2297
cap_rent_increases,a1,a4,A stop must be put to exorbitant rents by imposing a limit on rent increases when changing residences.,"If there must be rent increases, there should also be a cap to avoid nasty surprises.",claim,claim,0.2253
cap_rent_increases,a1,a4,It is unfair and unjustifiable that new tenants have to pay a much higher rent than previous residents.,"If there must be rent increases, there should also be a cap to avoid nasty surprises.",claim,claim,0.2099
cap_rent_increases,a1,a1,It is unfair and unjustifiable that new tenants have to pay a much higher rent than previous residents.,A stop must be put to exorbitant rents by imposing a limit on rent increases when changing residences.,claim,claim,0.1874
cap_rent_increases,a1,a1,It is unfair and unjustifiable that new tenants have to pay a much higher rent than previous residents.,Rent prices should be limited by a cap when there's a change of tenant.,claim,claim,0.0976
charge_tuition_fees,a1,a1,The universities in Germany should not under any circumstances charge tuition fees.,German universities should on no account charge tuition fees.,claim,claim,0.6818
charge_tuition_fees,a5,a1,Therefore universities should not charge tuition fees in Germany.,German universities should on no account charge tuition fees.,claim,claim,0.6709
charge_tuition_fees,a1,a5,Tuition fees should not generally be charged by universities.,Therefore universities should not charge tuition fees in Germany.,claim,claim,0.6287
charge_tuition_fees,a1,a1,Tuition fees should not generally be charged by universities.,German universities should on no account charge tuition fees.,claim,claim,0.6287
charge_tuition_fees,a1,a5,Tuition fees should not be charged in Germany.,Therefore universities should not charge tuition fees in Germany.,claim,claim,0.6267
charge_tuition_fees,a1,a5,The universities in Germany should not under any circumstances charge tuition fees.,Therefore universities should not charge tuition fees in Germany.,claim,claim,0.6066
charge_tuition_fees,a1,a1,The universities in Germany should not under any circumstances charge tuition fees.,Tuition fees should not generally be charged by universities.,claim,claim,0.5404
charge_tuition_fees,a1,a1,Tuition fees should not be charged in Germany.,German universities should on no account charge tuition fees.,claim,claim,0.54
charge_tuition_fees,a1,a1,Actually it would be justified if all German universities charged tuition fees.,German universities should on no account charge tuition fees.,claim,claim,0.5352
charge_tuition_fees,a5,a1,Therefore universities should not charge tuition fees in Germany.,Actually it would be justified if all German universities charged tuition fees.,claim,claim,0.4887
charge_tuition_fees,a1,a1,Tuition fees should not be charged in Germany.,The universities in Germany should not under any circumstances charge tuition fees.,claim,claim,0.4765
charge_tuition_fees,a1,a1,Tuition fees should not be charged in Germany.,Tuition fees should not generally be charged by universities.,claim,claim,0.4688
charge_tuition_fees,a1,a1,Tuition fees should not be charged in Germany.,Actually it would be justified if all German universities charged tuition fees.,claim,claim,0.4643
charge_tuition_fees,a1,a1,The universities in Germany should not under any circumstances charge tuition fees.,Actually it would be justified if all German universities charged tuition fees.,claim,claim,0.4639
charge_tuition_fees,a1,a1,Tuition fees should not generally be charged by universities.,Actually it would be justified if all German universities charged tuition fees.,claim,claim,0.3845
health_insurance_cover_complementary_medicine,a1,a5,Health insurance companies should naturally cover alternative medical treatments.,That's why the statutory health insurance companies should not cover such treatments.,claim,claim,0.6418
health_insurance_cover_complementary_medicine,a1,a1,Health insurance companies should naturally cover alternative medical treatments.,The statutory health insurance companies should also cover treatments with non-medical and alternative practitioners.,claim,claim,0.5581
health_insurance_cover_complementary_medicine,a1,a5,The statutory health insurance companies should also cover treatments with non-medical and alternative practitioners.,That's why the statutory health insurance companies should not cover such treatments.,claim,claim,0.5523
health_insurance_cover_complementary_medicine,a1,a1,Health insurance companies should not cover treatment in complementary medicine,The statutory health insurance companies should also cover treatments with non-medical and alternative practitioners.,claim,claim,0.5226
health_insurance_cover_complementary_medicine,a1,a5,Health insurance companies should not cover treatment in complementary medicine,The health insurance companies ought to be enabled to recognize a doctor's decision for natural treatment and also to cover it.,claim,claim,0.4989
health_insurance_cover_complementary_medicine,a1,a1,Health insurance companies should not cover treatment in complementary medicine,Health insurance companies should naturally cover alternative medical treatments.,claim,claim,0.4934
health_insurance_cover_complementary_medicine,a1,a5,The statutory health insurance companies should also cover treatments with non-medical and alternative practitioners.,The health insurance companies ought to be enabled to recognize a doctor's decision for natural treatment and also to cover it.,claim,claim,0.4747
health_insurance_cover_complementary_medicine,a1,a5,Health insurance companies should not cover treatment in complementary medicine,That's why the statutory health insurance companies should not cover such treatments.,claim,claim,0.4424
health_insurance_cover_complementary_medicine,a1,a5,Health insurance companies should naturally cover alternative medical treatments.,The health insurance companies ought to be enabled to recognize a doctor's decision for natural treatment and also to cover it.,claim,claim,0.4097
health_insurance_cover_complementary_medicine,a5,a5,The health insurance companies ought to be enabled to recognize a doctor's decision for natural treatment and also to cover it.,That's why the statutory health insurance companies should not cover such treatments.,claim,claim,0.3642
health_insurance_cover_complementary_medicine,a5,a5,Therefore no unproven and unrecognized treatments by naturopaths should be reimbursed by the insurance companies.,That's why the statutory health insurance companies should not cover such treatments.,claim,claim,0.3627
health_insurance_cover_complementary_medicine,a1,a5,Health insurance companies should naturally cover alternative medical treatments.,Therefore no unproven and unrecognized treatments by naturopaths should be reimbursed by the insurance companies.,claim,claim,0.3584
health_insurance_cover_complementary_medicine,a1,a5,"Alternative treatments should be subsidized in the same way as conventional treatments,",That's why the statutory health insurance companies should not cover such treatments.,claim,claim,0.3224
health_insurance_cover_complementary_medicine,a5,a1,Therefore no unproven and unrecognized treatments by naturopaths should be reimbursed by the insurance companies.,The statutory health insurance companies should also cover treatments with non-medical and alternative practitioners.,claim,claim,0.3219
health_insurance_cover_complementary_medicine,a1,a5,Health insurance companies should not cover treatment in complementary medicine,Therefore no unproven and unrecognized treatments by naturopaths should be reimbursed by the insurance companies.,claim,claim,0.2836
health_insurance_cover_complementary_medicine,a1,a1,"Alternative treatments should be subsidized in the same way as conventional treatments,",Health insurance companies should naturally cover alternative medical treatments.,claim,claim,0.2781
health_insurance_cover_complementary_medicine,a5,a5,Therefore no unproven and unrecognized treatments by naturopaths should be reimbursed by the insurance companies.,The health insurance companies ought to be enabled to recognize a doctor's decision for natural treatment and also to cover it.,claim,claim,0.278
health_insurance_cover_complementary_medicine,a1,a5,"Alternative treatments should be subsidized in the same way as conventional treatments,",The health insurance companies ought to be enabled to recognize a doctor's decision for natural treatment and also to cover it.,claim,claim,0.2739
health_insurance_cover_complementary_medicine,a1,a1,"Alternative treatments should be subsidized in the same way as conventional treatments,",The statutory health insurance companies should also cover treatments with non-medical and alternative practitioners.,claim,claim,0.2445
health_insurance_cover_complementary_medicine,a1,a1,Health insurance companies should not cover treatment in complementary medicine,"Alternative treatments should be subsidized in the same way as conventional treatments,",claim,claim,0.2428
health_insurance_cover_complementary_medicine,a1,a3,Health insurance companies should naturally cover alternative medical treatments.,A reduction in the amount of chemically produced medication per person is most certainly desirable.,claim,claim,0.2275
health_insurance_cover_complementary_medicine,a1,a3,Health insurance companies should not cover treatment in complementary medicine,A reduction in the amount of chemically produced medication per person is most certainly desirable.,claim,claim,0.2223
health_insurance_cover_complementary_medicine,a3,a5,A reduction in the amount of chemically produced medication per person is most certainly desirable.,The health insurance companies ought to be enabled to recognize a doctor's decision for natural treatment and also to cover it.,claim,claim,0.2028
health_insurance_cover_complementary_medicine,a5,a3,Therefore no unproven and unrecognized treatments by naturopaths should be reimbursed by the insurance companies.,A reduction in the amount of chemically produced medication per person is most certainly desirable.,claim,claim,0.1965
health_insurance_cover_complementary_medicine,a3,a1,A reduction in the amount of chemically produced medication per person is most certainly desirable.,The statutory health insurance companies should also cover treatments with non-medical and alternative practitioners.,claim,claim,0.1916
health_insurance_cover_complementary_medicine,a1,a5,"Alternative treatments should be subsidized in the same way as conventional treatments,",Therefore no unproven and unrecognized treatments by naturopaths should be reimbursed by the insurance companies.,claim,claim,0.1915
health_insurance_cover_complementary_medicine,a1,a3,"Alternative treatments should be subsidized in the same way as conventional treatments,",A reduction in the amount of chemically produced medication per person is most certainly desirable.,claim,claim,0.1904
health_insurance_cover_complementary_medicine,a3,a5,A reduction in the amount of chemically produced medication per person is most certainly desirable.,That's why the statutory health insurance companies should not cover such treatments.,claim,claim,0.166
higher_dog_poo_fines,a1,a1,There should be a higher fine for dog dirt on the pavement.,There should be much higher fines for dog dirt left on pavements.,claim,claim,0.79
higher_dog_poo_fines,a1,a1,For dog dirt left on the pavement dog owners should by all means pay a bit more.,There should be much higher fines for dog dirt left on pavements.,claim,claim,0.6075
higher_dog_poo_fines,a1,a1,"If there were higher fines for leaving dog dirt on pavements, there would presumably be less dog dirt,","Dog owners should pay higher fines for dog dirt left on pavements,",claim,claim,0.5006
higher_dog_poo_fines,a1,a1,There should be much higher fines for dog dirt left on pavements.,"Dog owners should pay higher fines for dog dirt left on pavements,",claim,claim,0.4805
higher_dog_poo_fines,a1,a1,There should be a higher fine for dog dirt on the pavement.,Higher penalties for dog dirt are pointless as long as there is not enough personnel to enforce them.,claim,claim,0.4744
higher_dog_poo_fines,a1,a1,Higher penalties for dog dirt are pointless as long as there is not enough personnel to enforce them.,"If there were higher fines for leaving dog dirt on pavements, there would presumably be less dog dirt,",claim,claim,0.4466
higher_dog_poo_fines,a1,a1,There should be much higher fines for dog dirt left on pavements.,Higher penalties for dog dirt are pointless as long as there is not enough personnel to enforce them.,claim,claim,0.4333
higher_dog_poo_fines,a1,a1,There should be much higher fines for dog dirt left on pavements.,"If there were higher fines for leaving dog dirt on pavements, there would presumably be less dog dirt,",claim,claim,0.4194
higher_dog_poo_fines,a1,a1,For dog dirt left on the pavement dog owners should by all means pay a bit more.,"Dog owners should pay higher fines for dog dirt left on pavements,",claim,claim,0.4108
higher_dog_poo_fines,a1,a1,For dog dirt left on the pavement dog owners should by all means pay a bit more.,There should be a higher fine for dog dirt on the pavement.,claim,claim,0.3964
higher_dog_poo_fines,a1,a1,Higher penalties for dog dirt are pointless as long as there is not enough personnel to enforce them.,"Dog owners should pay higher fines for dog dirt left on pavements,",claim,claim,0.3904
higher_dog_poo_fines,a1,a1,There should be a higher fine for dog dirt on the pavement.,"Dog owners should pay higher fines for dog dirt left on pavements,",claim,claim,0.3797
higher_dog_poo_fines,a3,a1,"Higher fines are therefore the right measure against negligent, lazy or simply thoughtless dog owners.",For dog dirt left on the pavement dog owners should by all means pay a bit more.,claim,claim,0.3753
higher_dog_poo_fines,a1,a1,There should be a higher fine for dog dirt on the pavement.,"If there were higher fines for leaving dog dirt on pavements, there would presumably be less dog dirt,",claim,claim,0.3686
higher_dog_poo_fines,a3,a1,That's why causing such obstacles must to be more urgently punished.,There should be much higher fines for dog dirt left on pavements.,claim,claim,0.3564
higher_dog_poo_fines,a3,a1,That's why causing such obstacles must to be more urgently punished.,Higher penalties for dog dirt are pointless as long as there is not enough personnel to enforce them.,claim,claim,0.3103
higher_dog_poo_fines,a3,a1,That's why causing such obstacles must to be more urgently punished.,There should be a higher fine for dog dirt on the pavement.,claim,claim,0.2974
higher_dog_poo_fines,a3,a1,That's why causing such obstacles must to be more urgently punished.,"Dog owners should pay higher fines for dog dirt left on pavements,",claim,claim,0.2677
higher_dog_poo_fines,a3,a1,That's why causing such obstacles must to be more urgently punished.,"If there were higher fines for leaving dog dirt on pavements, there would presumably be less dog dirt,",claim,claim,0.2476
higher_dog_poo_fines,a3,a5,That's why causing such obstacles must to be more urgently punished.,Increasing penalties is therefore the right way.,claim,claim,0.2426
higher_dog_poo_fines,a1,a1,For dog dirt left on the pavement dog owners should by all means pay a bit more.,"If there were higher fines for leaving dog dirt on pavements, there would presumably be less dog dirt,",claim,claim,0.2394
higher_dog_poo_fines,a3,a1,"Higher fines are therefore the right measure against negligent, lazy or simply thoughtless dog owners.","Dog owners should pay higher fines for dog dirt left on pavements,",claim,claim,0.2343
higher_dog_poo_fines,a1,a5,There should be a higher fine for dog dirt on the pavement.,Increasing penalties is therefore the right way.,claim,claim,0.232
higher_dog_poo_fines,a1,a5,There should be much higher fines for dog dirt left on pavements.,Increasing penalties is therefore the right way.,claim,claim,0.2261
higher_dog_poo_fines,a1,a1,For dog dirt left on the pavement dog owners should by all means pay a bit more.,Higher penalties for dog dirt are pointless as long as there is not enough personnel to enforce them.,claim,claim,0.2228
higher_dog_poo_fines,a3,a1,That's why causing such obstacles must to be more urgently punished.,For dog dirt left on the pavement dog owners should by all means pay a bit more.,claim,claim,0.2206
higher_dog_poo_fines,a3,a3,"Higher fines are therefore the right measure against negligent, lazy or simply thoughtless dog owners.",That's why causing such obstacles must to be more urgently punished.,claim,claim,0.2192
higher_dog_poo_fines,a3,a1,"Higher fines are therefore the right measure against negligent, lazy or simply thoughtless dog owners.",There should be a higher fine for dog dirt on the pavement.,claim,claim,0.2152
higher_dog_poo_fines,a3,a1,"Higher fines are therefore the right measure against negligent, lazy or simply thoughtless dog owners.",Higher penalties for dog dirt are pointless as long as there is not enough personnel to enforce them.,claim,claim,0.1996
higher_dog_poo_fines,a1,a5,For dog dirt left on the pavement dog owners should by all means pay a bit more.,Increasing penalties is therefore the right way.,claim,claim,0.1905
higher_dog_poo_fines,a3,a5,"Higher fines are therefore the right measure against negligent, lazy or simply thoughtless dog owners.",Increasing penalties is therefore the right way.,claim,claim,0.1789
higher_dog_poo_fines,a1,a5,Higher penalties for dog dirt are pointless as long as there is not enough personnel to enforce them.,Increasing penalties is therefore the right way.,claim,claim,0.1492
higher_dog_poo_fines,a3,a1,"Higher fines are therefore the right measure against negligent, lazy or simply thoughtless dog owners.","If there were higher fines for leaving dog dirt on pavements, there would presumably be less dog dirt,",claim,claim,0.1442
higher_dog_poo_fines,a3,a1,"Higher fines are therefore the right measure against negligent, lazy or simply thoughtless dog owners.",There should be much higher fines for dog dirt left on pavements.,claim,claim,0.143
higher_dog_poo_fines,a1,a5,"Dog owners should pay higher fines for dog dirt left on pavements,",Increasing penalties is therefore the right way.,claim,claim,0.1188
higher_dog_poo_fines,a1,a5,"If there were higher fines for leaving dog dirt on pavements, there would presumably be less dog dirt,",Increasing penalties is therefore the right way.,claim,claim,0.0886
increase_weight_of_BA_thesis_in_final_grade,a5,a5,It would therefore be wise to adjust the required effort for final theses accordingly.,Due to the many random factors the bachelor thesis should not play a bigger role.,claim,claim,0.41
increase_weight_of_BA_thesis_in_final_grade,a5,a1,Due to the many random factors the bachelor thesis should not play a bigger role.,"The BA dissertation should, if not make up the entire grade, then at least constitute a larger share of it.",claim,claim,0.3714
increase_weight_of_BA_thesis_in_final_grade,a5,a3,It would therefore be wise to adjust the required effort for final theses accordingly.,Current regulations for the calculation of the total grade should therefore be maintained.,claim,claim,0.3032
increase_weight_of_BA_thesis_in_final_grade,a3,a1,Current regulations for the calculation of the total grade should therefore be maintained.,"The BA dissertation should, if not make up the entire grade, then at least constitute a larger share of it.",claim,claim,0.2885
increase_weight_of_BA_thesis_in_final_grade,a5,a3,Due to the many random factors the bachelor thesis should not play a bigger role.,Current regulations for the calculation of the total grade should therefore be maintained.,claim,claim,0.2252
increase_weight_of_BA_thesis_in_final_grade,a5,a1,It would therefore be wise to adjust the required effort for final theses accordingly.,"The BA dissertation should, if not make up the entire grade, then at least constitute a larger share of it.",claim,claim,0.1833
introduce_capital_punishment,a3,a1,That's why Germany should not introduce capital punishment!,Germany should by no means introduce capital punishment.,claim,claim,0.7013
introduce_capital_punishment,a1,a3,The death penalty is a legal means that as such is not practicable in Germany.,That's why Germany should not introduce capital punishment!,claim,claim,0.5004
introduce_capital_punishment,a3,a1,That's why Germany should not introduce capital punishment!,"One should not re-introduce capital punishment in Germany,",claim,claim,0.3938
introduce_capital_punishment,a3,a4,That's why Germany should not introduce capital punishment!,The state ought to prevent murder - not avenge it.,claim,claim,0.3645
introduce_capital_punishment,a5,a5,We don't need it.,"Still, the state needs the death penalty as a deterrent to horrific crimes.",claim,claim,0.3519
introduce_capital_punishment,a1,a1,The death penalty should be abandoned everywhere.,Germany should by no means introduce capital punishment.,claim,claim,0.3449
introduce_capital_punishment,a1,a4,Germany should by no means introduce capital punishment.,The state ought to prevent murder - not avenge it.,claim,claim,0.3361
introduce_capital_punishment,a1,a4,The death penalty should be abandoned everywhere.,The state ought to prevent murder - not avenge it.,claim,claim,0.3265
introduce_capital_punishment,a1,a1,The death penalty is a legal means that as such is not practicable in Germany.,The death penalty should be abandoned everywhere.,claim,claim,0.326
introduce_capital_punishment,a1,a5,The death penalty is a legal means that as such is not practicable in Germany.,"Still, the state needs the death penalty as a deterrent to horrific crimes.",claim,claim,0.324
introduce_capital_punishment,a1,a5,The death penalty should be abandoned everywhere.,"Still, the state needs the death penalty as a deterrent to horrific crimes.",claim,claim,0.3166
introduce_capital_punishment,a1,a1,The death penalty is a legal means that as such is not practicable in Germany.,Germany should by no means introduce capital punishment.,claim,claim,0.3131
introduce_capital_punishment,a1,a1,"One should not re-introduce capital punishment in Germany,",Germany should by no means introduce capital punishment.,claim,claim,0.3131
introduce_capital_punishment,a3,a1,That's why Germany should not introduce capital punishment!,The death penalty should be abandoned everywhere.,claim,claim,0.3112
introduce_capital_punishment,a1,a5,Germany should by no means introduce capital punishment.,"Still, the state needs the death penalty as a deterrent to horrific crimes.",claim,claim,0.2957
introduce_capital_punishment,a1,a1,The death penalty is a legal means that as such is not practicable in Germany.,"One should not re-introduce capital punishment in Germany,",claim,claim,0.2516
introduce_capital_punishment,a1,a1,The death penalty should be abandoned everywhere.,"One should not re-introduce capital punishment in Germany,",claim,claim,0.2431
introduce_capital_punishment,a3,a5,That's why Germany should not introduce capital punishment!,"Still, the state needs the death penalty as a deterrent to horrific crimes.",claim,claim,0.2217
introduce_capital_punishment,a4,a5,The state ought to prevent murder - not avenge it.,"Still, the state needs the death penalty as a deterrent to horrific crimes.",claim,claim,0.2203
introduce_capital_punishment,a5,a1,We don't need it.,Germany should by no means introduce capital punishment.,claim,claim,0.2153
introduce_capital_punishment,a5,a4,We don't need it.,The state ought to prevent murder - not avenge it.,claim,claim,0.2057
introduce_capital_punishment,a1,a5,"One should not re-introduce capital punishment in Germany,","Still, the state needs the death penalty as a deterrent to horrific crimes.",claim,claim,0.1856
introduce_capital_punishment,a1,a5,The death penalty should be abandoned everywhere.,We don't need it.,claim,claim,0.1257
introduce_capital_punishment,a1,a4,The death penalty is a legal means that as such is not practicable in Germany.,The state ought to prevent murder - not avenge it.,claim,claim,0.1145
introduce_capital_punishment,a3,a5,That's why Germany should not introduce capital punishment!,We don't need it.,claim,claim,0.1128
introduce_capital_punishment,a1,a4,"One should not re-introduce capital punishment in Germany,",The state ought to prevent murder - not avenge it.,claim,claim,0.1077
introduce_capital_punishment,a1,a5,The death penalty is a legal means that as such is not practicable in Germany.,We don't need it.,claim,claim,0.0872
introduce_capital_punishment,a1,a5,"One should not re-introduce capital punishment in Germany,",We don't need it.,claim,claim,0.0482
keep_retirement_at_63,a1,a1,"No, the retirement age should be raised to 65 again.",I am not of the opinion that the retirement age should be set at 63 years.,claim,claim,0.5646
keep_retirement_at_63,a5,a1,Raising the relative retirement age on the basis of the physical fitness of the average citizen is fair.,I am not of the opinion that the retirement age should be set at 63 years.,claim,claim,0.3255
keep_retirement_at_63,a1,a5,"No, the retirement age should be raised to 65 again.",Raising the relative retirement age on the basis of the physical fitness of the average citizen is fair.,claim,claim,0.3216
keep_retirement_at_63,a4,a1,"Especially now, as there is a lack of skilled labour, it's irresponsible for the economy and prosperity to retire at 63.","The implementation of retirement at 63 is no longer socially sustainable,",claim,claim,0.2804
keep_retirement_at_63,a3,a1,the statutory retirement age should in the future not remain at 63 years.,"The implementation of retirement at 63 is no longer socially sustainable,",claim,claim,0.2735
keep_retirement_at_63,a3,a4,the statutory retirement age should in the future not remain at 63 years.,"Especially now, as there is a lack of skilled labour, it's irresponsible for the economy and prosperity to retire at 63.",claim,claim,0.267
keep_retirement_at_63,a1,a3,"No, the retirement age should be raised to 65 again.",the statutory retirement age should in the future not remain at 63 years.,claim,claim,0.2503
keep_retirement_at_63,a5,a4,Raising the relative retirement age on the basis of the physical fitness of the average citizen is fair.,"Especially now, as there is a lack of skilled labour, it's irresponsible for the economy and prosperity to retire at 63.",claim,claim,0.2464
keep_retirement_at_63,a1,a4,"No, the retirement age should be raised to 65 again.","Especially now, as there is a lack of skilled labour, it's irresponsible for the economy and prosperity to retire at 63.",claim,claim,0.2444
keep_retirement_at_63,a4,a1,"Especially now, as there is a lack of skilled labour, it's irresponsible for the economy and prosperity to retire at 63.",I am not of the opinion that the retirement age should be set at 63 years.,claim,claim,0.2153
keep_retirement_at_63,a5,a1,Raising the relative retirement age on the basis of the physical fitness of the average citizen is fair.,"The implementation of retirement at 63 is no longer socially sustainable,",claim,claim,0.2095
keep_retirement_at_63,a5,a3,Raising the relative retirement age on the basis of the physical fitness of the average citizen is fair.,the statutory retirement age should in the future not remain at 63 years.,claim,claim,0.1949
keep_retirement_at_63,a1,a1,"No, the retirement age should be raised to 65 again.","The implementation of retirement at 63 is no longer socially sustainable,",claim,claim,0.1849
keep_retirement_at_63,a3,a1,the statutory retirement age should in the future not remain at 63 years.,I am not of the opinion that the retirement age should be set at 63 years.,claim,claim,0.1707
keep_retirement_at_63,a1,a1,I am not of the opinion that the retirement age should be set at 63 years.,"The implementation of retirement at 63 is no longer socially sustainable,",claim,claim,0.1604
make_video_games_olympic,a6,a1,computer games should also not be recognized as Olympic events.,Video games ought to be included in the ranks of Olympic events.,claim,claim,0.4182
make_video_games_olympic,a1,a2,Video games ought to be included in the ranks of Olympic events.,It would be fair to make them into an Olympic event.,claim,claim,0.4038
make_video_games_olympic,a6,a2,computer games should also not be recognized as Olympic events.,It would be fair to make them into an Olympic event.,claim,claim,0.2323
over_the_counter_morning_after_pill,a1,a1,The morning-after pill ought to be available over-the-counter in pharmacies.,No one should have the possibility to pick up the morning-after pill over the counter at the pharmacy.,claim,claim,0.5647
over_the_counter_morning_after_pill,a5,a1,The morning-after pill should only be prescribed after counselling by a physician or pharmacist.,No one should have the possibility to pick up the morning-after pill over the counter at the pharmacy.,claim,claim,0.4574
over_the_counter_morning_after_pill,a1,a5,The morning-after pill ought to be available over-the-counter in pharmacies.,The morning-after pill should only be prescribed after counselling by a physician or pharmacist.,claim,claim,0.4321
over_the_counter_morning_after_pill,a1,a2,The morning-after pill ought to be available over-the-counter in pharmacies.,I argue categorically in favour of over-the-counter availability of the morning-after pill in pharmacies.,claim,claim,0.4191
over_the_counter_morning_after_pill,a4,a2,dispensing it without medical advice would be inappropriate.,I argue categorically in favour of over-the-counter availability of the morning-after pill in pharmacies.,claim,claim,0.3743
over_the_counter_morning_after_pill,a5,a2,That's why a visit to the doctor and professional advice should remain mandatory.,I argue categorically in favour of over-the-counter availability of the morning-after pill in pharmacies.,claim,claim,0.3226
over_the_counter_morning_after_pill,a5,a1,That's why a visit to the doctor and professional advice should remain mandatory.,No one should have the possibility to pick up the morning-after pill over the counter at the pharmacy.,claim,claim,0.2888
over_the_counter_morning_after_pill,a4,a1,dispensing it without medical advice would be inappropriate.,No one should have the possibility to pick up the morning-after pill over the counter at the pharmacy.,claim,claim,0.2871
over_the_counter_morning_after_pill,a5,a4,That's why a visit to the doctor and professional advice should remain mandatory.,dispensing it without medical advice would be inappropriate.,claim,claim,0.2869
over_the_counter_morning_after_pill,a2,a1,I argue categorically in favour of over-the-counter availability of the morning-after pill in pharmacies.,No one should have the possibility to pick up the morning-after pill over the counter at the pharmacy.,claim,claim,0.2682
over_the_counter_morning_after_pill,a5,a5,That's why a visit to the doctor and professional advice should remain mandatory.,The morning-after pill should only be prescribed after counselling by a physician or pharmacist.,claim,claim,0.2556
over_the_counter_morning_after_pill,a5,a1,That's why a visit to the doctor and professional advice should remain mandatory.,The morning-after pill ought to be available over-the-counter in pharmacies.,claim,claim,0.2315
over_the_counter_morning_after_pill,a4,a5,dispensing it without medical advice would be inappropriate.,The morning-after pill should only be prescribed after counselling by a physician or pharmacist.,claim,claim,0.2056
over_the_counter_morning_after_pill,a5,a2,The morning-after pill should only be prescribed after counselling by a physician or pharmacist.,I argue categorically in favour of over-the-counter availability of the morning-after pill in pharmacies.,claim,claim,0.1982
over_the_counter_morning_after_pill,a1,a4,The morning-after pill ought to be available over-the-counter in pharmacies.,dispensing it without medical advice would be inappropriate.,claim,claim,0.182
partial_housing_development_at_Tempelhofer_Feld,a1,a6,"I find the peripheral housing development at Tempelhofer Feld right for urban planning reasons,","If however one could find a compromise between green space and housing, then Tempelhofer Feld should definitely be made available for residential construction.",claim,claim,0.2976
public_broadcasting_fees_on_demand,a1,a1,"Considering what's on television these days, it would be appropriate to only have those people pay who actually (want to) follow the programming.",The TV license fee should only be collected from those who actually make use of the programming of the public broadcasters.,claim,claim,0.4309
public_broadcasting_fees_on_demand,a1,a1,The TV/radio licence fee can only be required of all citizens/households equally.,Not everyone should be obliged to pay the TV & radio licence.,claim,claim,0.3949
public_broadcasting_fees_on_demand,a1,a1,The TV/radio licence fee can only be required of all citizens/households equally.,The TV license fee should only be collected from those who actually make use of the programming of the public broadcasters.,claim,claim,0.3909
public_broadcasting_fees_on_demand,a1,a1,"Actually only those people should pay a TV & radio licence fee who really watch ARD, ZDF, Arte etc.",The TV license fee should only be collected from those who actually make use of the programming of the public broadcasters.,claim,claim,0.3379
public_broadcasting_fees_on_demand,a3,a1,"Nevertheless, everybody should contribute to the funding of the public broadcasters in equal measure,",The TV license fee should only be collected from those who actually make use of the programming of the public broadcasters.,claim,claim,0.3117
public_broadcasting_fees_on_demand,a1,a1,"Actually only those people should pay a TV & radio licence fee who really watch ARD, ZDF, Arte etc.","Considering what's on television these days, it would be appropriate to only have those people pay who actually (want to) follow the programming.",claim,claim,0.2874
public_broadcasting_fees_on_demand,a1,a1,The TV/radio licence fee can only be required of all citizens/households equally.,"Considering what's on television these days, it would be appropriate to only have those people pay who actually (want to) follow the programming.",claim,claim,0.2674
public_broadcasting_fees_on_demand,a1,a1,"Actually only those people should pay a TV & radio licence fee who really watch ARD, ZDF, Arte etc.",The TV/radio licence fee can only be required of all citizens/households equally.,claim,claim,0.2437
public_broadcasting_fees_on_demand,a3,a1,"Nevertheless, everybody should contribute to the funding of the public broadcasters in equal measure,","Actually only those people should pay a TV & radio licence fee who really watch ARD, ZDF, Arte etc.",claim,claim,0.2421
public_broadcasting_fees_on_demand,a1,a1,Not everyone should be obliged to pay the TV & radio licence.,The TV license fee should only be collected from those who actually make use of the programming of the public broadcasters.,claim,claim,0.2349
public_broadcasting_fees_on_demand,a6,a1,everyone should chip in.,The TV license fee should only be collected from those who actually make use of the programming of the public broadcasters.,claim,claim,0.2327
public_broadcasting_fees_on_demand,a1,a6,"Considering what's on television these days, it would be appropriate to only have those people pay who actually (want to) follow the programming.",everyone should chip in.,claim,claim,0.2303
public_broadcasting_fees_on_demand,a3,a1,"Nevertheless, everybody should contribute to the funding of the public broadcasters in equal measure,","Considering what's on television these days, it would be appropriate to only have those people pay who actually (want to) follow the programming.",claim,claim,0.2198
public_broadcasting_fees_on_demand,a1,a6,"Actually only those people should pay a TV & radio licence fee who really watch ARD, ZDF, Arte etc.",everyone should chip in.,claim,claim,0.2002
public_broadcasting_fees_on_demand,a3,a1,"Nevertheless, everybody should contribute to the funding of the public broadcasters in equal measure,",Not everyone should be obliged to pay the TV & radio licence.,claim,claim,0.1958
public_broadcasting_fees_on_demand,a1,a6,The TV/radio licence fee can only be required of all citizens/households equally.,everyone should chip in.,claim,claim,0.1948
public_broadcasting_fees_on_demand,a1,a1,Not everyone should be obliged to pay the TV & radio licence.,"Considering what's on television these days, it would be appropriate to only have those people pay who actually (want to) follow the programming.",claim,claim,0.1916
public_broadcasting_fees_on_demand,a3,a1,"Nevertheless, everybody should contribute to the funding of the public broadcasters in equal measure,",The TV/radio licence fee can only be required of all citizens/households equally.,claim,claim,0.1902
public_broadcasting_fees_on_demand,a3,a6,"Nevertheless, everybody should contribute to the funding of the public broadcasters in equal measure,",everyone should chip in.,claim,claim,0.1877
public_broadcasting_fees_on_demand,a1,a1,"Actually only those people should pay a TV & radio licence fee who really watch ARD, ZDF, Arte etc.",Not everyone should be obliged to pay the TV & radio licence.,claim,claim,0.1767
public_broadcasting_fees_on_demand,a1,a6,Not everyone should be obliged to pay the TV & radio licence.,everyone should chip in.,claim,claim,0.1737
school_uniforms,a1,a1,School uniforms should not be worn in our schools.,School uniforms should be introduced in our schools again.,claim,claim,0.7244
school_uniforms,a4,a1,"A simply designed practical outfit would even out the overall visual image of a school, and direct attention towards the character and achievements of the students - and not their buying power.",School uniforms should be introduced in our schools again.,claim,claim,0.1382
school_uniforms,a4,a1,"A simply designed practical outfit would even out the overall visual image of a school, and direct attention towards the character and achievements of the students - and not their buying power.",School uniforms should not be worn in our schools.,claim,claim,0.1069
stricter_regulation_of_intelligence_services,a1,a1,Intelligence services must urgently be regulated more tightly by parliament;,"Intelligence services should be more closely regulated by parliament,",claim,claim,0.4792
stricter_regulation_of_intelligence_services,a1,a1,Intelligence services must urgently be regulated more tightly by parliament;,Secret services must be more tightly regulated in order to prevent excessive surveillance.,claim,claim,0.445
stricter_regulation_of_intelligence_services,a1,a1,Secret services must be more tightly regulated in order to prevent excessive surveillance.,"Intelligence services should be more closely regulated by parliament,",claim,claim,0.3804
stricter_regulation_of_intelligence_services,a1,a5,Secret services must be more tightly regulated in order to prevent excessive surveillance.,That's why intelligence services must be regulated in the framework of parliamentary oversight committees.,claim,claim,0.3696
stricter_regulation_of_intelligence_services,a5,a1,That's why intelligence services must be regulated in the framework of parliamentary oversight committees.,"Intelligence services should be more closely regulated by parliament,",claim,claim,0.2867
stricter_regulation_of_intelligence_services,a1,a5,Intelligence services must urgently be regulated more tightly by parliament;,That's why intelligence services must be regulated in the framework of parliamentary oversight committees.,claim,claim,0.2855
